Reporting range=["Monthly"],Select year=["2026"],Select month=["June"],Products displayed=["All combinations"],Brand=["TP-Link"]
"Product title",ASIN,Brand,Category,Subcategory,"Number of orders","No. 1 Purchase Combination: Product Title","No. 1 Purchase Combination: ASIN","No. 1 Purchase Combination: Combination %","No. 2 Purchase Combination: Product Title","No. 2 Purchase Combination: ASIN","No. 2 Purchase Combination: Combination %","No. 3 Purchase Combination: Product Title","No. 3 Purchase Combination: ASIN","No. 3 Purchase Combination: Combination %","Reporting Date"
"TP-Link Tapo C216 | İç ve Dış Mekan Wi-Fi Güvenlik Kamerası | 2K 3MP Netlik | 360° Pan/Tilt Hareketli | Renkli Gece Görüşü | AI Bebek Ağlaması ve Kişi Algılama | Akıllı Takip | Bulut/SD Kart Depolama","B0G57S2RRR","TP-Link","1500 DVC","1510 Pocket_Video_Cameras","1","JBL Tune 510BT Multi Connect Wireless Kulaklık, Siyah","B08VD6SRBZ","100.0","Okey Kayganlaştırıcı Jel - Çilek Özlü 100 ml","B093PX1J27","100.0","Juo Magsafe Powerbank 10000mAh Standlı 20W Dahili Type-C Kablolu Taşınabilir Hızlı Şarj Cihazı Siyah","B0DPXHC7GG","100.0","2026-06-30"
"TP-Link UB600 Nano | Bluetooth 6.0 USB Adaptör | Yeni Nesil Yüksek Güvenlik ve Kararlılık | Kablosuz PC Alıcı | Windows 11/10/8.1/7 Uyumlu | Tak-Unut Mini Tasarım | Bluetooth Dongle","B0GLRL6H6Y","TP-Link","1000 Computing Components & Networking","1005 Modems & networking devices","4","Sailor Moon Eternal Edition 9","1632365960","25.0","Sailor Moon Eternal Edition 10","1632365979","25.0","VegGieg Premium 8K 60Hz 4K 120Hz HDCP ARC HDR Örgülü HDMI 2.1 Kablo 1.5 Metre","B0DK5BMXR5","25.0","2026-06-30"
"TP-Link Tapo C645D KIT Güneş Enerjili Çift Lensli Pan/Tilt Güvenlik Kamerası, 2K Çözünürlük, İnsan/Araç/Evcil Hayvan Algılama, 360° Görüş, Akıllı Takip","B0GVNXN5SJ","TP-Link","1500 DVC","1510 Pocket_Video_Cameras","3","SanDisk Extreme PRO SDXC UHS-I Hafıza Kartı, 128 GB, 200 MB/sn Aktarım Hızı, U3: UHS Speed Sınıf, V30: Speed Sınıf, 4K UHD Videolar, QuickFlow Teknolojisi, Isıya Dayanıklı","B09X7FXHVJ","33.33","Tapo C545D | 2K Çift Lensli Dış Mekan Güvenlik Kamerası | 165° Geniş Açı + Telefoto Lens | IP66 | AI Takip | Renkli Gece Görüşü | Ethernet Bağlantı | İki Yönlü Ses | Yerel & Bulut Depolama","B0FZJWWB72","33.33","KIOXIA 128GB Exceria G3 Micro SDXC U1 V30 A2 4K 160/50MB/sn Hafıza Kartı (SD Adaptörlü)","B0FZSL68PP","33.33","2026-06-30"
"TP-Link Archer TX30U Plus WiFi 6 USB Adaptör AX1800 (1800 Mbps), Dual Band 5GHz/2.4GHz, USB 3.0, Çift Yüksek Kazançlı Anten, WPA3 Güvenlik, Windows 11/10 Uyumlu Kablosuz Adaptör","B0GVN15P4Q","TP-Link","1000 Computing Components & Networking","1005 Modems & networking devices","3","Scrikss Kartuş Dolma Kalem Kartuşu 6'lı Paket Mavi","B07DMNZ6Q4","33.33","Scrikss Punto Dolmakalem Gri Özel Kutulu","B0D2KXQR2V","33.33","Spigen 30W USB-C Ultra Mini Hızlı Şarj Aleti PPS Desteği/Isı Düşürücü GaN Destekli Akım Korumalı Güç Adaptörü iPhone & Android & iPad & MacBook Type-C Black- ACH08448","B0DFX1N74Z","33.33","2026-06-30"
"TP-Link Archer TBE400U USB 3.0 Wi-Fi 7 Tri-Band Kablosuz Adaptör, BE6500, 6 GHz/5 GHz/2.4 GHz, 72x24x10.8 mm","B0GVKC1PF6","TP-Link","1000 Computing Components & Networking","1005 Modems & networking devices","2","TP-Link UH400, 5Gbps Transfer Hızlı Tak ve kullan 4-Port USB 3.0 Hub","B00V4BGD00","50.0","Kablosuz Wifi Alıcı AC1300 Mbps Dual Band USB 3.0 Adaptör","B0859M539M","50.0",,,"0.0","2026-06-30"
"TP-Link Tapo C245D | 2K 3MP Çift Lensli Akıllı Güvenlik Kamerası | 360° | Geniş Açı ve Tele-Lens | Akıllı Hareket Takibi | AI Kişi ve Bebek Ağlaması Algılama | Çift Ekran İzleme|Bulut/SD Kart","B0GVTH4693","TP-Link","1500 DVC","1510 Pocket_Video_Cameras","2","Philips NT3650/16 Burun, Kulak ve Kaş Düzeltici","B087VM4TW9","100.0","Tapo C460 KIT | 4K 8MP Güneş Enerjili Güvenlik Kamerası Kiti | 10000 mAh Batarya | Starlight Renkli Gece Görüşü | AI İnsan/Evcil Hayvan/Araç Algılama | IP66 | Wi-Fi | microSD & Bulut","B0F3PCWSWB","100.0",,,"0.0","2026-06-30"
"TP-Link Deco X50(3-pack), AX3000 Tüm Ev Mesh WiFi 6 Sistemi","B09LVG58VX","TP-Link","1000 Computing Components & Networking","1005 Modems & networking devices","17","VegGieg CAT6 1000Mbps Gigabit UTP Ethernet Kablosu 1 Metre","B0DMT7YNGH","23.53","TP-Link Deco X50(1-pack), AX3000 Tüm Ev Mesh WiFi 6 Sistemi","B09LVFVRYB","11.76","Vileda Ekonomik Bulaşık Süngeri, 10'lu Ekonomik Paket, Rainbow","B015URBCR2","5.88","2026-06-30"
"TP-Link Deco X50-Outdoor 1-Pack, AX3000 Mbps, IP65 Toza ve Suya Dayanıklılık, Dual-Band, Gigabit Bağlantı Noktaları, 230 m² 'ye Kadar Kapsama, HomeSheild, Dış Mekan/İç Mekan WiFi 6 Mesh Ünitesi","B0BVKZDF98","TP-Link","1000 Computing Components & Networking","1005 Modems & networking devices","8","TP-Link Deco X50(1-pack), AX3000 Tüm Ev Mesh WiFi 6 Sistemi","B09LVFVRYB","25.0","TP-Link Deco X50-PoE 1-pack, AX3000 Mbps, PoE Destekli, Dual-Band, 2,5Gbps Ethernet Portu, 150 Cihaza Kadar Bağlantı, 230 m² 'ye Kadar Kapsama, Mobil Uygulama ile Kolay Kurulum, Wi-Fi 6 Mesh Sistemi","B0BSFFJN93","25.0","Ugreen CAT6 Flat Ethernet Kablosu, 2 Metre, Siyah","B071YR6DRK","12.5","2026-06-30"
"TP-Link Festa F52, AC1350Mbps, 1 Gigabit Port, Festa Mesh, Kesintisiz Dolaşım, MU-MIMO, Ücretsiz Bulut Yönetimi, PoE ve Pasif PoE Destekli, Dual-Band Wi-Fi 5 Tavan Tipi Access Point","B0DCZVTZ2P","TP-Link","1000 Computing Components & Networking","1005 Modems & networking devices","1","Mercusys MS105GP, 5-Port Gigabit Desktop Switch with 4-Port PoE+","B0C3D15MQ4","100.0",,,"0.0",,,"0.0","2026-06-30"
"TP-Link RE235BE | BE3600 Wi-Fi 7 Menzil Genişletici | 3.6 Gbps Çift Bant (2882 Mbps + 688 Mbps) | 2.5G Ethernet Port | MLO Desteği | EasyMesh Uyumlu | Akıllı Dolaşım | Kolay Kurulum","B0FJM88BTG","TP-Link","1000 Computing Components & Networking","1005 Modems & networking devices","1","TP-Link Deco X50-PoE 1-pack, AX3000 Mbps, PoE Destekli, Dual-Band, 2,5Gbps Ethernet Portu, 150 Cihaza Kadar Bağlantı, 230 m² 'ye Kadar Kapsama, Mobil Uygulama ile Kolay Kurulum, Wi-Fi 6 Mesh Sistemi","B0BSFFJN93","100.0",,,"0.0",,,"0.0","2026-06-30"
"TP-Link Tl-Wn725N, 150Mbps Kablosuz N Nano Usb Adaptör","B008IFXQFU","TP-Link","900 Computing Accessories","1090 Computing Components & Networking: Other","11","KIOXIA 128GB Exceria G3 Micro SDXC U1 V30 A2 4K 160/50MB/sn Hafıza Kartı (SD Adaptörlü)","B0FZSL68PP","18.18","Tuhaf Resimler - 3 MİLYONDAN FAZLA OKUR, 30’DAN FAZLA DİL","6051984151","9.09","Günübirlik Hayatlar","6053435937","9.09","2026-06-30"
"TP-Link RE200 Dual Band 750 Mbps Wifi Güçlendirici","B00KXULGJQ","TP-Link","1000 Computing Components & Networking","1005 Modems & networking devices","2","Şu Yaramaz Tavşanlar","6052952644","50.0","Değnek Adam","6052959126","50.0","Küçük Kar Tanesi","6052959959","50.0","2026-06-30"
"TP-Link CPE605, 5GHz 150Mbps 23dBi Outdoor CPE","B07VC31Q6S","TP-Link","1000 Computing Components & Networking","1005 Modems & networking devices","5","Philips Hue Bridge Pro - Bağlantı Köprüsü v3","B0FKH9CD5C","40.0","TP-Link TL-SG108PE, 8 Port Gigabit / 4 Port POE Smart Switch","B01BPFKNNM","20.0","Philips Hue Play, Akıllı LED Aydınlatma, Siyah, Güç Adaptörü Dahil","B07FXRS4ZW","20.0","2026-06-30"
"TP-Link TL-SG105PE, 5-Port Gigabit Easy Smart Switch with 4-Port PoE+","B08GDC61NS","TP-Link","1000 Computing Components & Networking","1085 Switches","4","Bosch PSM 200 AES Çok Amaçlı Zımpara Psm 200 Aes, Yeşil","B00IPIYLKO","25.0","TP-Link LS1005G Ethernet Çevirici 5 Port 10/100/1000 Mbps","B07VC68RW1","25.0","Savon De Royal Savon Pur Luxury Vegan Sıvı Sabun Beyaz (500 ml)","B087S5C2TW","25.0","2026-06-30"
"TP-Link AV1000 Gigabit Powerline ac Wi-Fi Kit, TL-WPA7517 KIT, Gigabit Ethernet, 750 Mbps","B08R6H6931","TP-Link","1000 Computing Components & Networking","1005 Modems & networking devices","9","Royal Canin Sterilised 37 Kısırlaştırılmış Kedi Maması 15 Kg","B005NZKX04","11.11","VARTA Longlife AAA Alkalin kalem pil 10'lu paket","B00KSW6UFO","11.11","VİKO Multi-Let 4lü Topraklı Kablolu Ç.K 2mt Priz","B083M94M8N","11.11","2026-06-30"
"TP-Link Archer VR300, AC1200 Mbps Kablosuz Dual-Band Fiber Destekli VDSL/ADSL Modem Router, 4 Ethernet Portu ve 4 Harici Anten, Tether Uygulaması ile Kolay Kurulum","B077PZLGVB","TP-Link","200 Computing Mobile Hardware","210 Consumer notebooks Intel","15","TP-Link TD-W9960, 300Mbps Wireless N VDSL/ADSL Modem Router","B07CF4CDNM","20.0","Logitech M171 Kablosuz Mouse, PC, Mac, Dizüstü Bilgisayar için, 2,4 GHz, USB Mini Alıcılı, Optik İzleme, 12 Aylık Pil Ömrü, Sağ ve Sol Elle Kullanıma Uygun, Mavi","B01A9HC69G","13.33","Logitech M220 Sessiz Kablosuz Mouse, Sağ ve Sol Elle Kullanıma Uygun, 1.000 DPI, 10 m Kullanım Mesafesi, 18 Ay Pil Ömrü, Siyah","B01K7GEG9W","13.33","2026-06-30"
"TP-Link UE300C, USB Type-C to RJ45 Gigabit Ethernet Network Adapter","B08FYB5HHK","TP-Link","1000 Computing Components & Networking","1005 Modems & networking devices","28","Ugreen CAT7 U/FTP Flat Ethernet Kablosu 5 Metre","B00QV1F19C","7.14","Gündelik Hayatımızın Tarihi (Ciltli)","6053607622","3.57","Gelibolu’da Bir Yıl: Fotoğraflar, Kartpostallar ve Propaganda Kartlarında Çanakkale Muharebeleri","6254299925","3.57","2026-06-30"
"TP-Link TL-WR840N, 300Mbps Kablosuz N Router","B00HNFP4HO","TP-Link","1000 Computing Components & Networking","1005 Modems & networking devices","1","Samsung EO-IC100B Type C Kablolu Kulaklık - Beyaz","B084BQLD2P","100.0",,,"0.0",,,"0.0","2026-06-30"
"TP-Link TL-SG105E, 5-Portlu Gigabit Easy Smart Switch","B00N0OHEMA","TP-Link","1000 Computing Components & Networking","1085 Switches","10","Günübirlik Hayatlar","6053435937","10.0","Yaşamak","6056587886","10.0","Bırak Yapsınlar Teorisi","6255587754","10.0","2026-06-30"
"TP-Link Archer T2U Nano, AC600 Nano Wireless USB Adaptör","B07KRCW6LZ","TP-Link","900 Computing Accessories","1090 Computing Components & Networking: Other","9","Beyaz Diş: Modern Klasikler Dizisi - 10","605360013X","11.11","En Çok Okunan 10 Jules Verne Eseri Seti","6057921941","11.11","Sultanın Casusları: 16. Yüzyılda İstihbarat, Sabotaj Ve Rüşvet Ağları","9752430007","11.11","2026-06-30"
"TP-Link TL-WA3001; AX3000 Mbps, Gigabit Portlu, Pasif PoE'yi destekler, Erişim Noktasını, Menzil Genişleticiyi, Çoklu SSID'yi destekler, Artırılmış Kapsama Alanı, Dual-Band Wi-Fi 6 Access Point","B0BGJJWPWC","TP-Link","1000 Computing Components & Networking","1005 Modems & networking devices","1","TP-Link TL-SG108E, 8-Port Gigabit Easy Smart Switch","B00JKB63D8","100.0",,,"0.0",,,"0.0","2026-06-30"
"TP-Link Archer TX20E, AX1800 Wi-Fi 6 Bluetooth 5.2 PCIe Ağ Kartı","B0BWRXZZC8","TP-Link","900 Computing Accessories","1090 Computing Components & Networking: Other","5","Zengin Baba Yoksul Baba: Zenginler Çocuklarına, Orta Sınıf ve Alt Sınıfın Parayla İlgili Öğretmediği Neyi Öğretiyor?","6051717374","20.0","Dopamin Toplumu: Haz Çağında Dengeyi Bulmak","6255989135","20.0","Nutuk (Özel Deri Ciltli ve Kutulu)","6256090802","20.0","2026-06-30"
"Mercusys MA30N, AC1300 Mbps, Çift Bant, MU-MIMO, Tak ve Çalıştır, Nano Wi-Fi 5 USB Adaptör","B0D92F5HX4","TP-Link","900 Computing Accessories","1090 Computing Components & Networking: Other","6","VegGieg 300Mbps Wifi 6 Çift Bant Kablosuz Alıcı Verici Nano USB Adaptör","B0DJH85RFT","33.33","VARTA Longlife AA Alkalin kalem pil 10'lu paket","B00EPDLZDO","16.67","LEGO DUPLO Town Vahşi Hayvan Aileleri: Penguenler ve Aslanlar 10442-2 Yaş ve Üzeri Çocuklar için Eğitici ve Yaratıcı Oyuncak Yapım Seti (10 Parça)","B01NAEPLMB","16.67","2026-06-30"
"TP-Link UH5020C | USB-C 5-in-1 Hub | 4K@60Hz HDMI | 100W Hızlı Şarj | 2× USB-A Port | 1× USB-C Port | Tak & Çalıştır | Windows | Mac | Linux & Mobile Uyumlu","B0DSVS49TZ","TP-Link","600 Computing Consumables","645 Recordable media DVD+RW","16","Bluey: Little Library","0241486904","6.25","Bay Gıdık","6050929874","6.25","Beyaz Geceler: Hasan Ali Yücel Klasikler Dizisi","6053321397","6.25","2026-06-30"
"TP-Link Archer BE220, BE3600 Mbps, Fiber Destekli, 4× Gbps Port, VPN Destekli, HomeSheild, Easy Mesh Uyumlu, Dual-Band Wi-Fi 7 Router","B0F1BXSRJC","TP-Link","1000 Computing Components & Networking","1005 Modems & networking devices","1","Viko Karre Beyaz İkili Topraklı Priz","B07BK8H2MK","100.0",,,"0.0",,,"0.0","2026-06-30"
"Mercusys Halo H25BE(2-pack) | Wi-Fi 7 Mesh Sistemi | BE3600 Mbps Hız | Fiber Uyumlu | Dual-Band | 3x1G Port | 460 m² Kapsama | MLO | 320 MHz, 4K-QAM | 8K Yayın | Kolay Kurulum ve Kullanım","B0FC2NPY55","TP-Link","1000 Computing Components & Networking","1005 Modems & networking devices","5","ARTEMA Minimax S A41994 Banyo Bataryası Krom","B07HH7P8D3","20.0","Nascita Pro Üç Boyutlu Saç Fırçası","B081B9FMTC","20.0","Ugreen CAT6 Flat Ethernet Kablosu, 10 Metre","B082TFD8KP","20.0","2026-06-30"
"Tp-Link RE700X AX3000 Mbps Onemesh Wi-Fi 6 Menzil Genişletici","B09PRG6MJX","TP-Link","1000 Computing Components & Networking","1005 Modems & networking devices","25","Viko Yonca Plus Gri Üçlü Topraklı Priz Çarpma Karşıtı","B0CKT8BNY3","12.0","Peppa Pig: Yum! Yum! Yum! Sticker Activity Book","024137166X","4.0","Crocs Classic Unisex Yetişkin Terlik White 37/38 EU","B00152AGCY","4.0","2026-06-30"
"TP-Link Archer TX55E, AX3000 Wi-Fi 6 Bluetooth 5.2 PCIe Ağ Kartı, İki Anten, Özel Soğutucu, 1024-QAM, Ultra Düşük Gecikme, Intel Wi-Fi 6 Yonga Seti, Windows 10/11'i Destekler","B0B1M6Z25X","TP-Link","900 Computing Accessories","1090 Computing Components & Networking: Other","8","Dünyalar Savaşı: Modern Klasikler Serisi","605295888X","25.0","Vaiz 6 - Güneşte Savaş","6057762819","12.5","Listerine Mouthwash Total Care Nane Aromalı 1000ml","B01N498Y2V","12.5","2026-06-30"
"TP-Link Archer BE230, BE3600 Mbps, Fiber Destekli, 2× 2.5 Gbps WAN/LAN Port + 3× Gbps Port, VPN Destekli, HomeSheild, Easy Mesh Uyumlu, Dual-Band Wi-Fi 7 Router","B0D6W2Z4XZ","TP-Link","1000 Computing Components & Networking","1005 Modems & networking devices","35","Adem’den Önceki Yaşam","6256417607","2.86","TP-Link TL-SG1016DE, 16-Port Gigabit Easy Smart Switch","B00DBRPKS6","2.86","Logitech K270 Kablosuz Klavye, Tuş Takımı, Sıvı Dökülmesine Dayanıklı, 10 m Kullanım Mesafesi, Türkçe Q Klavye, Siyah","B00DJ3GUYK","2.86","2026-06-30"
"TP-Link TL-SG1016D, 16-Port Gigabit Masaüstü/Rackmount Switch","980035980X","TP-Link","200 Computing Mobile Hardware","210 Consumer notebooks Intel","2","TP-Link TL-SG1005D, 5-Portlu Gigabit Masaüstü Switch","B00YMTNVEM","50.0","TP-Link UE200, USB 2.0 Ethernet Ağ Adaptörü","B01GNP5UUA","50.0","Logitech MK235 Kablosuz Set 920-007925","B01GYBQUF2","50.0","2026-06-30"
"Tp-link CPE510, 5GHz 13dBi Outdoor CPE","B00N1Q7W8I","TP-Link","1000 Computing Components & Networking","1005 Modems & networking devices","3","Pablo ile Laklak: Karşınızda dünyanın ilk zaman yolcusu penguenleri (ve en komik)","6051984224","33.33","Çocuk Köstebek Tilki ve At (Ciltli)","6057462971","33.33","Kırk Yama","9751048346","33.33","2026-06-30"
"Tp-link CPE210, 300Mbps 9dBi Dış Mekan CPE","B00OO47F0G","TP-Link","1000 Computing Components & Networking","1005 Modems & networking devices","7","TP-Link CPE220, 2.4GHz 300Mbps 12dBi Antenli Dış Mekan CPE/Access Point","B06ZZV414V","28.57","KIOXIA EXCERIA 64GB microSDXC Kart – UHS-I, R100MB/s okuma","B088X252DK","28.57","TP-Link ER605; Omada Gigabit VPN Router","B08MH4VLR3","28.57","2026-06-30"
"TP-Link TL-SG116, 16-Port Gigabit Desktop Switch","B07FY23LW7","TP-Link","1000 Computing Components & Networking","1085 Switches","5","TP-Link LS1005G Ethernet Çevirici 5 Port 10/100/1000 Mbps","B07VC68RW1","20.0","TP-Link TL-SG105-M2, 5-Port 2.5G Desktop Switch","B08VH4Q3NR","20.0","Zyxel 8 Port Gigabit PoE Switch | Smart Managed | Masa/Duvar Montajı ve Fansız Tasarım | 70 W Bütçe ile 8 PoE+ Bağlantı Noktası | VLAN, IGMP, QoS [GS1900-8HP]","B09QGQDWGW","20.0","2026-06-30"
"TP-Link Deco M4 1-pack, AC1200 Mbps, Dual-Band, Gigabit Portları, 100 Cihaza Kadar Bağlanılabilirlik, Mobil Uygulama ile Kolay Kurulum, Wi-Fi 5 Mesh Sistemi","B07L44RHC2","TP-Link","1000 Computing Components & Networking","1005 Modems & networking devices","8","Merhaba Komşu 2: Gündüz Kabusu","6256029763","12.5","Merhaba Komşu 3: Gömülü Sırlar","6256029771","12.5","Soichi - Junji İto (Özel Bez Ciltli Baskı)","6259031114","12.5","2026-06-30"
"TP-Link LS105G, 5-Port 10/100/1000 Mbps Gigabit Ethernet Switch, 5 Bağlantılı Harici Güç Adaptörü","B07RPVQY62","TP-Link","1000 Computing Components & Networking","1005 Modems & networking devices","13","VegGieg CAT6 1000Mbps Gigabit UTP Ethernet Kablosu 1 Metre","B0DMT7YNGH","15.38","Doğanın İşaretlerini Okumanın Kaybolmuş Sanatı","605311507X","7.69","Her Şey Nasıl Çökebilir ?: Şimdiki Nesiller İçin Çöküşbilim Elkitabı","6254298848","7.69","2026-06-30"
"TP-Link TX401, 10 Gigabit PCI Express Network Adapter","B08GFGG888","TP-Link","900 Computing Accessories","1090 Computing Components & Networking: Other","1","TP-Link UE306, USB 3.0 - Gigabit Ethernet Ağ Adaptörü","B09FDRMZ73","100.0",,,"0.0",,,"0.0","2026-06-30"
"TP-Link TL-WN722N, N150 Mbps Yüksek Kazanımlı Kablosuz USB Adaptör, 4dBi Ayrılabilir Anten","9800359850","TP-Link","1000 Computing Components & Networking","1005 Modems & networking devices","6","Hot Wheels pistleriyle efsanenizi yaratın, BHT77","B00IVLIC1O","16.67","TP-Link UE300, USB 3.0 RJ45 Gigabit Ethernet Network Çevirici","B00V4BGDKU","16.67","TP-Link LS1008, 8-Port 10/100 Mbps Fast Ethernet Switch, 8 Bağlantılı Ethernet Çevirici, Beyaz","B07ZKXKHSD","16.67","2026-06-30"
"TP-Link TL-WA850RE, N300 Mbps Wi-Fi Menzil Genişletici, 1 Ethernet Bağlantı Noktalı Wi-Fi Güçlendirici/Hotspot, Access Point Modu, Tüm Wi-Fi Yönlendiriciler ile Çalışır","B00A0VCJPI","TP-Link","200 Computing Mobile Hardware","210 Consumer notebooks Intel","36","Viko Yonca Plus Gri Üçlü Topraklı Priz Çarpma Karşıtı","B0CKT8BNY3","5.56","VegGieg CAT6 1000Mbps Gigabit UTP Ethernet Kablosu 1 Metre","B0DMT7YNGH","5.56","Alevileş(tiril)miş Ermeniler","6053146110","2.78","2026-06-30"
"TP-Link TL-WN727N, N150 Mbps Kablosuz USB Adaptör, 150 mbps, Wi-Fi, USB Donanım Kilidi, LAN, WLAN","B00BOJQFLE","TP-Link","200 Computing Mobile Hardware","210 Consumer notebooks Intel","5","TP-Link Tl-Wn725N, 150Mbps Kablosuz N Nano Usb Adaptör","B008IFXQFU","20.0","Familia 3 Katlı Tuvalet Kağıdı 32'li 1 Paket (1 x 32 Adet)","B073SBJMT3","20.0","DJI Osmo Mobile 7","B07FSS4R16","20.0","2026-06-30"
"TP-Link LS1005G Ethernet Çevirici 5 Port 10/100/1000 Mbps","B07VC68RW1","TP-Link","1000 Computing Components & Networking","1085 Switches","44","VegGieg CAT6 1000Mbps Gigabit UTP Ethernet Kablosu 2 Metre","B0DMT8XKF4","11.36","VegGieg CAT6 1000Mbps Gigabit UTP Ethernet Kablosu 1 Metre","B0DMT7YNGH","9.09","Ugreen Cat6 Flat Pure Copper Metal Konnektör UTP Ethernet Kablosu 3 Metre","B096ZQ6QPM","6.82","2026-06-30"
"TP-Link RE315 AC1200 Mbps Wi-Fi Güçlendirici - 2 Harici Anten, 1 Ethernet Bağlantı Noktası, Hotspot ve Access Point Modu, Tüm Yönlendiriciler ile Uyumlu, Wi-Fi 5 Menzil Genişletici","B08R6JH8DG","TP-Link","1000 Computing Components & Networking","1005 Modems & networking devices","25","TP-Link Deco BE65 1-pack, BE9300 Mbps, 4 × 2.5 Gbps Portlar, 320 MHz Kanallar, 6 GHz Bandında Çalışır, 200 Cihaza Kadar Bağlanılabilirlik, VPN, WPA3, Üç Bantlı Wi-Fi 7 Mesh Sistemi","B0CJJ712ZX","8.0","Keenetic PoE+ Switch 5, 1x1Gbit, 4x1Gbit PoE+ Port, IEEE 802.3af/at (max.30W/port), 60Watt","B0CZ4CWV7Q","8.0","Yaşam 3.0: Yapay Zeka Çağında İnsan Olmak","6052996137","4.0","2026-06-30"
"TP-Link TL-SG105-M2, 5-Port 2.5G Desktop Switch","B08VH4Q3NR","TP-Link","1000 Computing Components & Networking","1085 Switches","10","Selpak Maksi Kutu Mendil 100'lü","B00OLRLL56","10.0","Logitech H111 Kablolu Stereo Kulak Üstü Mikrofonlu Kulaklık, Standart 3.5 mm Jak Girişi, 235 Kablo Uzunluğu, Siyah","B00ZOZZM4U","10.0","Ugreen 4 Port USB PC Switch Paylaşım Adaptörü","B01MXXQKGM","10.0","2026-06-30"
"TP-Link Deco PX50 3-Pack, AX3000 + G1500, 1 GHz CPU, Powerline/Mesh, Yapay Zeka Desteği, Gigabit Portları, 150 Cihaza Kadar Bağlantı, 600 m² 'ye Kadar Kapsama, Powerline Mesh WiFi 6 Sistemi","B0BQTYHKF2","TP-Link","1000 Computing Components & Networking","1005 Modems & networking devices","1","Marshall Middleton II BT Hoparlör, Blk&Brass","B0FBHTGL16","100.0",,,"0.0",,,"0.0","2026-06-30"
"TP-Link TL-SG116P, 16-Port Gigabit Desktop Switch with 16-Port PoE+","B0C4SSQGV3","TP-Link","1000 Computing Components & Networking","1005 Modems & networking devices","1","TP-Link TL-SG116, 16-Port Gigabit Desktop Switch","B07FY23LW7","100.0",,,"0.0",,,"0.0","2026-06-30"
"TP-Link Archer VX1800v, AX1800 Mbps Çift Bantlı Fiber Destekli Wi-Fi 6 VDSL/ADSL Modem Router, 4 Gigabit LAN Portları + 1 USB 2.0 Port, MU-MIMO, Super VDSL, Tether Uygulaması ile Kolay Kurulum","B0CJCLWF8N","TP-Link","1000 Computing Components & Networking","1005 Modems & networking devices","21","Bosch Home and Garden X/Line Mini 15 Parça Matkap Ucu Seti, Yeşil","B001IBMO7C","4.76","KabelDirekt – 8K/4K HDMI kablosu – 2 m – 8K@60 Hz (hızlı Ultra HD için ekstra bakır, 4K@120 Hz/8K@60 Hz – HDMI 2.0 ile uyumlu, Ethernet ile yüksek hız, Blu-ray/PS5/Xbox serisi X/anahtar, siyah)","B004BEMD5Q","4.76","JACOBS Crema Çekirdek Kahve 500 Gr","B00RLEEXMY","4.76","2026-06-30"
"TP-Link Deco BE25 1-pack, BE3600 Mbps, 2× 2.5 Gbps Portlar, AI Destekli Çoklu İşlem Kabiliyeti, 150 Cihaza Kadar Bağlanılabilirlik, VPN, WPA3, Dual-Band Wi-Fi 7 Mesh Sistemi","B0D6W1FWJG","TP-Link","1000 Computing Components & Networking","1005 Modems & networking devices","4","Aç Kuşlar","6255799905","25.0","Maniac","9750765532","25.0","KÖPEK ADAM-13 / KOCA JIM BAŞLIYOR","9752128254","25.0","2026-06-30"
"TP-Link Festa F65-Outdoor, AX3000Mbps, 1 Gigabit Port, Festa Mesh, Kesintisiz Dolaşım,IP67 Sertifikalı, Ücretsiz Bulut Yönetimi, 802.3at ve Pasif PoE Destekli, Dual-Band Wi-Fi 6 Dış Mekan Access Point","B0DCZWQQW8","TP-Link","1000 Computing Components & Networking","1005 Modems & networking devices","3","TP-Link TL-SG105, 5-Port 10/100/1000Mbps Gigabit Siwtch","B00A128S24","33.33","VARTA Longlife AA Alkalin kalem pil 10'lu paket","B00EPDLZDO","33.33","TP-Link TL-SG116, 16-Port Gigabit Desktop Switch","B07FY23LW7","33.33","2026-06-30"
"TP-Link Archer T3U, AC1300 Mbps, Çift Bant, USB 2.0, Nano Wi-Fi 5 USB Adaptör","B09SGJRKBW","TP-Link","900 Computing Accessories","1090 Computing Components & Networking: Other","2","Ernie Ball Power Slinky Elektro Gitar Teli - Kalınlık 11-48","B0002PBS6I","50.0","Logitech M330 Sessiz Kablosuz Mouse, Sağ Elle Kullanıma Uygun, 10 m Kullanım Mesafesi, 1.000 DPI Yüksek Hassasiyetli Optik İzleme, 18 Ay Pil Ömrü, Siyah","B01K7GEAFC","50.0","Ugreen PCIe 4.0 x4 x8 x16 Uyumlu 64Gbps NVMe M.2 SSD Dönüştürücü Adaptör","B08TBW12B8","50.0","2026-06-30"
"TP-Link Deco BE65 3-pack, BE9300 Mbps, 4 × 2.5 Gbps Portlar, 320 MHz Kanallar, 6 GHz Bandında Çalışır, 200 Cihaza Kadar Bağlanılabilirlik, VPN, WPA3, Üç Bantlı Wi-Fi 7 Mesh Sistemi","B0BRRH519K","TP-Link","1000 Computing Components & Networking","1005 Modems & networking devices","3","Bosch Professional Accessories 2608522320 Hızlı Kilit Uç Tutucu (Darbe Kontrolü, 1/4 İnç Altıgen Şaft, Maymuncuk Ve Tıklama)","B01MTA0E7V","33.33","TP-Link Deco BE65 1-pack, BE9300 Mbps, 4 × 2.5 Gbps Portlar, 320 MHz Kanallar, 6 GHz Bandında Çalışır, 200 Cihaza Kadar Bağlanılabilirlik, VPN, WPA3, Üç Bantlı Wi-Fi 7 Mesh Sistemi","B0CJJ712ZX","33.33","TP-Link Deco BE65 2-pack, BE9300 Mbps, 4 × 2.5 Gbps Portlar, 320 MHz Kanallar, 6 GHz Bandında Çalışır, 200 Cihaza Kadar Bağlanılabilirlik, VPN, WPA3, Üç Bantlı Wi-Fi 7 Mesh Sistemi","B0CJJ733W3","33.33","2026-06-30"
"TP-Link Deco X10 3-pack , AX1500 Mbps, 520 m²'ye kadar Kapsama Alanı, 120 Cihaza Kadar Bağlantı, Gigabit Portlu, Mobil Uygulama ile Kolay Kurulum,Yapay Zeka Destekli Wi-Fi 6 Mesh Sistemi","B0CKPVC9DM","TP-Link","1000 Computing Components & Networking","1005 Modems & networking devices","4","Selpak Maksi Kutu Mendil 100'lü","B00OLRLL56","25.0","TP-Link Archer VX1800v, AX1800 Mbps Çift Bantlı Fiber Destekli Wi-Fi 6 VDSL/ADSL Modem Router, 4 Gigabit LAN Portları + 1 USB 2.0 Port, MU-MIMO, Super VDSL, Tether Uygulaması ile Kolay Kurulum","B0CJCLWF8N","25.0","Juo 100W 4 Portlu USB-C + USB-A GaN Şarj Aleti iPhone& Macbook & Notebook Uyumlu PD Type-C Hızlı Şarj Cihazı Beyaz","B0D5HY1PTQ","25.0","2026-06-30"
"TP-Link WiFi Stick 6 güçlü AX1800Mbps, Archer TX20U, WLAN USB adaptörü, WLAN dongle, USB 3.0 Dual-Band, 2.4G/5GHz, MU-MIMO, WPA3, Windows 11/10 ile uyumlu","B0CFFD1SZ1","TP-Link","900 Computing Accessories","1090 Computing Components & Networking: Other","8","Bilgeliğin Sarsılmazlığı Üzerine - İnziva Üzerine: Hasan Ali Yücel Klasikler Dizisi","6052951702","12.5","Mutlu Yaşam Üzerine - Yaşamın Kısalığı Üzerine","6052956445","12.5","Süper Çengel Bulmaca - 2","6056540707","12.5","2026-06-30"
"TP-Link UB500 Plus, Ayarlanabilir Harici Antenli, Yüksek Çekim Güçlü Bluetooth 5.4 USB Adaptör","B0DHJHMHFS","TP-Link","1000 Computing Components & Networking","1090 Computing Components & Networking: Other","58","JBL C100SI, Kulaklık, CT, IE, Siyah","B01DEWVZ2C","5.17","Aula N-108 1+1 USB/Aux Stereo 2.0 RGB Masaüstü Gaming Oyuncu Hoparlör Speaker Ses Sistemi","B082QPP67G","3.45","Barbie Sporcu Bebekler, üniforması ve topuyla Barbie Voleybolcu Bebek ile aksesuarları, HKT72","B0BLJRDMC4","3.45","2026-06-30"
"TP-Link Archer BE400 | Dual-Band Wi-Fi 7 Router | Fiber Destekli | BE6500 Mbps | 1× 2.5 Gbps WAN + 1× 2.5 Gbps LAN + 3× 1 Gbps Port | 5GHz | VPN Destekli | EasyMesh Uyumlu | HomeShield","B0DJFPX6BW","TP-Link","1000 Computing Components & Networking","1005 Modems & networking devices","1","KabelDirekt – Cat 7 Ethernet Kablosu, kırılmaya dayanıklı – 0,5m – 10 Gbit Ağ, 0,25-30m arasında mevcut (Yüksek hızlı ağlar için yama kablosu, PC, Anahtar/Yönlendirici/Modem, RJ45, siyah)","B08438X88T","100.0",,,"0.0",,,"0.0","2026-06-30"
"TP-Link UH9120C, 4K 60Hz HDMI, Gigabit RJ45 Port, 100W Hızlı Şarj, SD ve MicroSD Kart Yuvası, 5Gbps Data Transfer Hızı, 9'u Bir Arada USB-C Hub","B0DJH27B1Q","TP-Link","1000 Computing Components & Networking","1090 Computing Components & Networking: Other","7","Spigen 47W USB-C 2 Port Mini Hızlı Şarj Aleti PPS 2.0 Desteği/Isı Düşürücü GaN Pro Destekli Akım Korumalı Güç Adaptörü iPhone & Android & iPad & MacBook Type-C Black - ACH09457","B0F9WKR3Z8","28.57","TP-Link UC400, Yüksek Hızda 3.0 USB-C - USB-A Adaptör","B07F5GMKN8","14.29","Belkin USB-C Taşınabilir Powerbank, 10000 mAh, 1 USB C Bağlantı Noktası ve 15W'a kadar 2 USB A Bağlantı Noktası, iPhone 14 Pro/14 Pro Max/13, AirPods, iPad, Galaxy S21/Ultra Uyumlu - Siyah","B092TN8FWV","14.29","2026-06-30"
"Mercusys MR27BE; BE3600 Mbps, Fiber Destekli, 2× 2.5 Gbps WAN&LAN Port + 2× Gbps Port, Easy Mesh Uyumlu, Dual-Band Wi-Fi 7 Router","B0DKSLLYTM","TP-Link","1000 Computing Components & Networking","1005 Modems & networking devices","3","KabelDirekt – Ethernet Kablosu, Ağ Kablosu, LAN – 15m – 0,25-30m arasında mevcuttur (10Gbps, Gigabit Ağlar için Fiber Hızı, RJ45 ile Switch/Router/Modem, siyah/gümüş)","B01FI0F3W6","33.33","Edding 5100 akrilik markör orta - siyah - 1 su geçirmez akrilik markör - yuvarlak uçlu 2-3 mm","B08HS43RXD","33.33","TCL 65 inç Akıllı TV 65T8C 4K QLED Renkli Quantum Crystal HDR10+ Oyun Google TV, 144Hz Doğal Yenileme Hızı, ONKYO 2.1 Hi-Fi Ses Sistemi, Dolby Atmos, DTS Virtual X, MEMC, Game Master (2025 Modeli)","B0FBW784B3","33.33","2026-06-30"
"TP-Link TL-SM5310-T, 10G BASE-T RJ45 SFP+ Module","B0B1JTHT9J","TP-Link","900 Computing Accessories","924 Hubs & port replicators","3","Ugreen CAT6 Flat Ethernet Kablosu, 10 Metre","B082TFD8KP","33.33","Mercusys MS105GP, 5-Port Gigabit Desktop Switch with 4-Port PoE+","B0C3D15MQ4","33.33","TP-Link ER707-M2, Omada Multi-Gigabit VPN Router","B0C3XLCD3X","33.33","2026-06-30"
"TP-Link ER707-M2, Omada Multi-Gigabit VPN Router","B0C3XLCD3X","TP-Link","1000 Computing Components & Networking","1005 Modems & networking devices","2","TP-Link TL-SM5310-T, 10G BASE-T RJ45 SFP+ Module","B0B1JTHT9J","50.0","Brennenstuhl IP44 Lisanslı Montajlanabilir 3 Soketli 2 Metre Kablolu Dış Mekan Prizi","B0BSVC7RF9","50.0","Levoit Kule Vantilatör İçin Yatak Odası, 7,5 m/s, 23 W, 25 dB Sessiz Sütun, Uzaktan Kumandalı, 12 Hız Kademesi, 4 Mod, Beyaz","B0BYZT7W9L","50.0","2026-06-30"
"Tapo RVA301 yıkanabilir paspas bezi (5 adet), Tapo RV30 Max Plus, Tapo RV30 Max, Tapo RV20 Max Plus, Tapo RV20 Max ile uyumlu","B0DK5SQ87G","TP-Link","30200 Floorcare","30208 Robotic Vacuums","2","SOLO Bambu Katkılı Kağıt Havlu 16'lı","B0C4Z228D8","50.0","Juo 12W 2.4A USB-A to Lightning iPhone iPad ile Uyumlu Örgülü Hızlı Şarj ve Data Kablosu 2 Metre","B0DQQ7FCCZ","50.0","Leggno Vetro Borosilikat Çift Camlı Kulplu Bardak 120ML (2ad)","B0F2VW1RHL","50.0","2026-06-30"
"TP-Link Archer TX20UH, AX1800 Yüksek Kazançlı Kablosuz USB Adaptör, 1,2 metre USB 3.0 kablosu, Beamforming Teknolojisi, MU-MIMO, Düşük Gecikmeli Oyun Deneyimi, WPA3, Kolay Kurulum","B0BXH28CND","TP-Link","900 Computing Accessories","1090 Computing Components & Networking: Other","4","Clear Men Erkek Şampuan Cool Sport Menthol Kepeğe Karşı Etkili 600 ml","B084XSVSYD","25.0","TP-Link UB500, Bluetooth 5.4, (PC dizüstü bilgisayar masaüstü bilgisayar için, Windows 10/8.1/8/7 Plug & Play destekler), Nano USB Bluetooth Adaptör","B098K3H92Z","25.0","Okey Zero XL 10’lu Prezervatif","B0D6R91SRC","25.0","2026-06-30"
"TP-Link TL-WN821N, 300 Mbps N Kablosuz WPS USB Adaptör","B00194XKXA","TP-Link","900 Computing Accessories","1090 Computing Components & Networking: Other","1","VARTA Longlife AAA Alkalin kalem pil 10'lu paket","B00KSW6UFO","100.0","Viko Yonca Plus Gri Üçlü Topraklı Priz Çarpma Karşıtı","B0CKT8BNY3","100.0","Philips LEDBulb 8-60W E27 6500K Beyaz Işık 720 lümen","B0CZ46XRWZ","100.0","2026-06-30"
"TP-Link TL-WA854RE N300 Mbps Wi-Fi Menzil Genişletici, 300Mbps Veri Aktarım Hızı","B00H32T3M4","TP-Link","200 Computing Mobile Hardware","210 Consumer notebooks Intel","19","Geri Verilen Kız","6051983643","5.26","Aile Mutluluğu","6254051451","5.26","Mösyö İbrahim ve Kuran'ın Çiçekleri","6256666585","5.26","2026-06-30"
"TP-Link Archer VR400, AC1200 Mbps Kablosuz Dual-Band MU-MIMO Fiber Destekli VDSL/ADSL Modem Router, 4 Gigabit LAN Portları + 1 USB 2.0 Port, Beamforming, Tether Uygulaması ile Kolay Kurulum","B01M1VAY45","TP-Link","1000 Computing Components & Networking","1005 Modems & networking devices","15","TP-Link Archer AX12, AX1500 Wi-Fi 6 Gigabit Portlu Kablosuz Router, Fiber Destekli, 4 Gigabit LAN Portları, WPA3, Oyun için İdeal Xbox/PS4/Steam ve 4K","B0C4SN9V5K","13.33","Philips Epilasyon Cihazı, Taşınabilir Kompakt Tasarım, LED Işıklı Yıkanabilir Başlık, Masaj ve Tıraş Başlığı, Peeling Eldiveni Hediyeli, 4 Haftaya Kadar Pürüzsüzlük, Açık Mavi Renk, BRE247/05","B0F4DQ2BXQ","13.33","NIVEA MEN Erkek Roll On Deodorant Black&White Invisible Original 50 ml,72 Saat Anti-perspirant Terleme ve Ter Kokusuna Karşı Koruma,Giysilerde Leke Karşıtı,Erkeksi Koku,Etil Alkol İçermez","B00BOKVEOQ","6.67","2026-06-30"
"Tp-link RE305, AC1200 Wi-Fi Range Extender","B01MD1SKLL","TP-Link","1000 Computing Components & Networking","1005 Modems & networking devices","16","Viko Yonca Plus Gri Üçlü Topraklı Priz Çarpma Karşıtı","B0CKT8BNY3","12.5","Tapo C230, 3K 5MP, Yapay Zeka Desteği, Hareket Takibi, 360°, 12m Gece Görüşü, Çift Yönlü Sesli İletişim, Bulut/Yerel Depolama, Bebek Ağlaması Tespiti,İç Mekan Wi-Fi Güvenlik Kamerası","B0DXV1P593","12.5","Fender Blues Deluxe Harmonica C (Do) Mızıka","B00KZHMZ1K","6.25","2026-06-30"
"TP-Link TL-SG116E, 16-Port Gigabit Unmanaged Pro Switch","B07FXXCWQ6","TP-Link","1000 Computing Components & Networking","1085 Switches","1","TP-Link TL-SG105, 5-Port 10/100/1000Mbps Gigabit Siwtch","B00A128S24","100.0",,,"0.0",,,"0.0","2026-06-30"
"TP-Link TL-MR100, N300 Mbps Kablosuz 4G LTE Router, 4G/3G SIM Yuvası, 32 Cihaza Kadar Bağlantı, Yapılandırma Gerektirmez, Konuk Ağı ve Ebeveyn Kontrolü Desteği","B085PFRFKX","TP-Link","200 Computing Mobile Hardware","210 Consumer notebooks Intel","10","Bosch Professional Accessories Top Serisi Ahşap için Tilki Kuyruğu Bıçağı S 1531 L /2'li Paket","B0009U7B3A","10.0","Logitech K120 USB Kablolu Klavye, Sayısal Tuş Takımına Sahip, Sıvı Dökülmelerine Dayanıklı, Türkçe Q Klavye, Siyah","B0077966IC","10.0","TP-Link Archer MR400, AC1200 Wireless Dual Band 4G LTE Router, 4G/3G SIM Yuvası, 64 Cihaza Kadar Bağlantı, Yapılandırma Gerektirmez, Konuk Ağı ve Ebeveyn Kontrolü Desteği","B0741FFT6F","10.0","2026-06-30"
"TP-Link ER605; Omada Gigabit VPN Router","B08MH4VLR3","TP-Link","1000 Computing Components & Networking","1005 Modems & networking devices","7","Tp-link CPE210, 300Mbps 9dBi Dış Mekan CPE","B00OO47F0G","28.57","TP-Link TL-SG105, 5-Port 10/100/1000Mbps Gigabit Siwtch","B00A128S24","14.29","TP-Link TL-SG1016PE, 16-Port Gigabit Easy Smart Switch with 8-Port PoE+","B0722XW4PD","14.29","2026-06-30"
"TP-Link UE306, USB 3.0 - Gigabit Ethernet Ağ Adaptörü","B09FDRMZ73","TP-Link","1000 Computing Components & Networking","1005 Modems & networking devices","31","TP-Link UH400, 5Gbps Transfer Hızlı Tak ve kullan 4-Port USB 3.0 Hub","B00V4BGD00","6.45","TP-Link UE300, USB 3.0 RJ45 Gigabit Ethernet Network Çevirici","B00V4BGDKU","6.45","Ugreen Cat6A Slim 10 Gbps Ethernet Kablosu 3 Metre","B07Z8QKSTX","6.45","2026-06-30"
"TP-Link Archer TX20U Nano, AX1800 Mbps, Çift Bant, MU-MIMO, USB 2.0, WPA3, Windows 10/11 Uyumlu, Wi-Fi 6 Nano USB Adaptör","B0CKPSXFMJ","TP-Link","1000 Computing Components & Networking","1090 Computing Components & Networking: Other","4","TP-Link TL-SG108E, 8-Port Gigabit Easy Smart Switch","B00JKB63D8","25.0","Babyjem Prizmatik (1 x 6 Adet)","B07BR3GXCT","25.0","Viko Multi-Let 3'lü 2 metre Priz, Siyah, Anahtarlı, Topraklı, Çocuk Korumalı","B083M8NXBZ","25.0","2026-06-30"
"TP-Link TL-MR100-Outdoor | 4G LTE 300 Mbps Wi-Fi Outdoor Router | IP65 Dış Mekan Koruma | PoE/DC Güç Desteği | SIM Kartlı Tak-Çalıştır | Yıldırım & ESD Koruması | Tether App ile Kolay Kurulum","B0FFMS3ZHF","TP-Link","1000 Computing Components & Networking","1005 Modems & networking devices","1","Bosch Professional Tornavida SL6,5 x 125 mm","B081KDGC3G","100.0",,,"0.0",,,"0.0","2026-06-30"
"TP-Link UB500, Bluetooth 5.4, (PC dizüstü bilgisayar masaüstü bilgisayar için, Windows 10/8.1/8/7 Plug & Play destekler), Nano USB Bluetooth Adaptör","B098K3H92Z","TP-Link","1000 Computing Components & Networking","1005 Modems & networking devices","145","NIVEA SUN SPF50+Yüksek Güneş Koruyucu 200 ml,Suya Dayanıklı,Nemlendirici,C Vitamini,Hyalüron","B07L7PTBDR","2.07","Ugreen CAT6 Flat Ethernet Kablosu, 10 Metre","B082TFD8KP","2.07","Kablosuz Wifi Alıcı AC1300 Mbps Dual Band USB 3.0 Adaptör","B0859M539M","2.07","2026-06-30"
"TP-Link Archer AX12, AX1500 Wi-Fi 6 Gigabit Portlu Kablosuz Router, Fiber Destekli, 4 Gigabit LAN Portları, WPA3, Oyun için İdeal Xbox/PS4/Steam ve 4K","B0C4SN9V5K","TP-Link","1000 Computing Components & Networking","1005 Modems & networking devices","32","VegGieg CAT6 1000Mbps Gigabit UTP Ethernet Kablosu 5 Metre","B0DMT77B39","9.38","Solaris (SL10)","6254496453","6.25","TP-Link Archer VR400, AC1200 Mbps Kablosuz Dual-Band MU-MIMO Fiber Destekli VDSL/ADSL Modem Router, 4 Gigabit LAN Portları + 1 USB 2.0 Port, Beamforming, Tether Uygulaması ile Kolay Kurulum","B01M1VAY45","6.25","2026-06-30"
"TP-Link UE330C, USB Type-C den 3 adet Type-A 3.0 Hub ve Gigabit Ethernet Adaptörü","B0D6W3JHJF","TP-Link","1000 Computing Components & Networking","1090 Computing Components & Networking: Other","1","Logitech MK120 USB Kablolu Klavye Mouse Seti, Tam Boyutlu, Sağ ve Sol Elle Kullanıma Uygun Mouse, Sıvı Dökülmesine Dayanıklı, Türkçe Q Klavye, Siyah","B0077969ES","100.0","Spigen 30W USB-C Ultra Mini Hızlı Şarj Aleti PPS Desteği/Isı Düşürücü GaN Destekli Akım Korumalı Güç Adaptörü iPhone & Android & iPad & MacBook Type-C White - ACH08449","B0DFX1XG68","100.0","Spigen USB-A to USB-C 2 Metre Kablo 60W Güç/Hızlı Şarj / 480 Mbps Data Aktarım Hızı Type-C Ekstra Dayanıklı White - ACA08716","B0F2MF1827","100.0","2026-06-30"
"TP-Link TL-WPA7817 KIT, AV1000&AX1500 Mbps, 1× Gigabit Portlu, 4K Video ve Online Oyunlarda Yüksek Performans, EasyMesh Destekli, Tak ve Çalıştır, Powerline Adaptör Kiti","B0DHY8HXYG","TP-Link","1000 Computing Components & Networking","1005 Modems & networking devices","1","Ugreen Cat6A Slim 10 Gbps Ethernet Kablosu 2 Metre","B081MPVF1Y","100.0",,,"0.0",,,"0.0","2026-06-30"
"TP-Link LS1016G; 16-Port Gigabit Portlu, Metal Kasalı, QoS Özellikli, Kurulum Gerektirmeyen Tak ve Çalıştır Özellikli Switch","B0F1R6P8KW","TP-Link","1000 Computing Components & Networking","1005 Modems & networking devices","3","TP-Link TL-SG108E, 8-Port Gigabit Easy Smart Switch","B00JKB63D8","33.33","TP-Link TL-SG1008D, 8-Portlu Gigabit Masaüstü Switch","B00YMTI6WO","33.33","TP-Link LS105G, 5-Port 10/100/1000 Mbps Gigabit Ethernet Switch, 5 Bağlantılı Harici Güç Adaptörü","B07RPVQY62","33.33","2026-06-30"
"TP-Link UH7021C | USB-C 7’si 1 Arada Hub | 4K@60Hz HDMI, 100W PD, 3× USB 3.0, SD & microSD UHS-I (200 MB/s), Tak-Çalıştır, Alüminyum Tasarım","B0FGXT75VK","TP-Link","600 Computing Consumables","645 Recordable media DVD+RW","5","Milyar Dolarlık Hikayeler: İlginç Finansal Olaylar & Temel Yatırım Kavramları","6256774604","20.0","Belkin USB-C Multimedia Adaptörü (VGA, 4K HDMI, USB 3.0, Ethernet Bağlantı Noktalı USB-C Hub) MacBook Pro, iPad Pro, Surface Pro, Chromebook ve daha fazlası için 100 W Doğrudan İletimli Güç","B086ST75LH","20.0","Baseus Pudding Hızlı Şarj Özellikli Type-C Kablo 100W, 1.2 Metre, Mor","B0CKF7VJCN","20.0","2026-06-30"
"TP-Link TG-3468, 10/100/1000Mbps Gigabit PCI Express Network Adaptör","B003CFATNI","TP-Link","900 Computing Accessories","1090 Computing Components & Networking: Other","6","ASUS Sdrw-08D2S-U Lite - Windows Ve Mac Os Için Uyumlu Ömür Boyu Veri Yedeklemesi için M-Disc Desteği ile Taşınabilir 8X DVD Yazıcı, Siyah","B00CM7JM4E","16.67","TP-Link LS1005G Ethernet Çevirici 5 Port 10/100/1000 Mbps","B07VC68RW1","16.67","Nivea Men Cool Kick Fresh Sprey Deodorant 150 ml 1 Paket (1 x 150 ml)","B095XNHGN4","16.67","2026-06-30"
"TP-Link TL-SG1016, 16-Port Gigabit Easy Smart Switch with 8-Port PoE+","B004393J9I","TP-Link","1000 Computing Components & Networking","1085 Switches","1","LEGO ǀ Disney ve Pixar WALL-E ve EVE 43279 – Film Sever Yetişkinler için Dekoratif ve Koleksiyonluk Animasyon Film Karakterleri Model Yapım Seti, Yaratıcı Hediye Fikri (811 Parça)","B0DWDR21C4","100.0",,,"0.0",,,"0.0","2026-06-30"
"TP-Link TL-WN8200ND, 300Mbps High Power Wireless USB Adapter","B00A8GVNNY","TP-Link","900 Computing Accessories","1090 Computing Components & Networking: Other","1","Ugreen Type-C 3.5mm Çevirici Aux Kablo","B07G56VKBK","100.0","Scrikss Office Track 3'Lü Set 0. 7 mm Yeşil","B0FFB97FF2","100.0",,,"0.0","2026-06-30"
"TP-Link TL-WPA4220KIT 300Mbps AV600 Wi-Fi Powerline Extender Başlangıç Kiti, Kablosuz Menzil Genişletici","B00C2ICYPC","TP-Link","900 Computing Accessories","1090 Computing Components & Networking: Other","5","KabelDirekt – Ethernet Kablosu, Ağ Kablosu, LAN – 20m – 0,25-30m arasında mevcuttur (10Gbps, Gigabit Ağlar için Fiber Hızı, RJ45 ile Switch/Router/Modem, siyah/mavi)","B018M7F3MW","20.0","Kablosuz Wifi Alıcı AC1300 Mbps Dual Band USB 3.0 Adaptör","B0859M539M","20.0","Stanley Quencher Pipetli Termos Bardak, 1.18 Litre, Mürdüm (Plum)","B0DFWW8JZN","20.0","2026-06-30"
"TP-Link TL-SG108PE, 8 Port Gigabit / 4 Port POE Smart Switch","B01BPFKNNM","TP-Link","1000 Computing Components & Networking","1085 Switches","4","Bosch 46 Parça Tornavida, Vidalama Ve Lokma Uçlu Aksesuar Seti - 2607019504","B000NDGQD4","25.0","TP-Link CPE605, 5GHz 150Mbps 23dBi Outdoor CPE","B07VC31Q6S","25.0","Barbie Dreamtopia Bebek ve Tek Boynuzlu At, renk değiştiren tuvaletiyle tek boynuzlu at ve 18 aksesuar, 3-7 yaş GTG01","B08W2NRHW2","25.0","2026-06-30"
"TP-Link Deco E4, AC1200 Tüm Evi Kapsayan Mesh 2'li WiFi Sistemi","B07P7KM4Y6","TP-Link","1000 Computing Components & Networking","1005 Modems & networking devices","11","KARACA JUST COFFEE 2IN1 FİLTRE KAHVE MK.LATTE","B0BRQJ811R","36.36","TP-Link TL-SG105, 5-Port 10/100/1000Mbps Gigabit Siwtch","B00A128S24","18.18","Ingenuity Rahatlatıcı Ana kucağı Bebek Koltuğu, Sesler ve Titreşimler, 0-6 Ay, 9 kg'a Kadar - Morrison, Fil/Aslan Oyuncaklı (Gri/Mavi)","B072342MVR","9.09","2026-06-30"
"TP-Link RE300 | Wi-Fi 5 Menzil Genişletici | AC1200 Mbps | EasyMesh | Dual Band | Kolay Kurulum | Tüm Modem ve Router Modelleri ile Uyumludur","B07QWZTG7F","TP-Link","1000 Computing Components & Networking","1005 Modems & networking devices","2","Savon De Royal Provence Nemlendirici Luxury Vegan Sıvı Sabun 500 ml (Yeşil)","B087S5B83Z","50.0","Viko Yonca Plus Beyaz Üçlü Topraklı Priz Çarpma Karşıtı","B0CKT61ZV3","50.0","Viko Yonca Plus Gri Üçlü Topraklı Priz Çarpma Karşıtı","B0CKT8BNY3","50.0","2026-06-30"
"Kablosuz Wifi Alıcı AC1300 Mbps Dual Band USB 3.0 Adaptör","B0859M539M","TP-Link","900 Computing Accessories","1090 Computing Components & Networking: Other","33","TP-Link UB500, Bluetooth 5.4, (PC dizüstü bilgisayar masaüstü bilgisayar için, Windows 10/8.1/8/7 Plug & Play destekler), Nano USB Bluetooth Adaptör","B098K3H92Z","9.09","TP-Link Archer T3U, AC1300 Mini Wireless MU-MIMO USB Adaptör","B07M69276N","6.06","Viko Multi-Let 5li Topraklı Kablolu Ç.K 5mt Siyah Priz","B084N562GL","6.06","2026-06-30"
"TP-Link TL-MR150, N300 Mbps Kablosuz 4G LTE Router, 4G/3G SIM Yuvası, 32 Cihaza Kadar Bağlantı, Yapılandırma Gerektirmez, Konuk Ağı ve Ebeveyn Kontrolü Desteği","B086LRTQYS","TP-Link","1000 Computing Components & Networking","1005 Modems & networking devices","2","TP-Link UE300, USB 3.0 RJ45 Gigabit Ethernet Network Çevirici","B00V4BGDKU","50.0","TP-Link Archer Air R5, AX3000 Dual-Band Wi-Fi 6 Air Router&Menzil Genişletici, Gigabit Port, Ultra İnce Tasarım, EasyMesh Destekli, Xbox/PS/Steam için İdeal, HomeShield, Esnek Kurulum Seçenekleri","B0CC6NGXZT","50.0",,,"0.0","2026-06-30"
"TP-Link Archer TX50E, AX3000 Mbps Wi-Fi 6 Bluetooth 5.0 PCIe Ağ Kartı, İki Anten, 1024-QAM,OFDMA ve 160 MHz Bant Genişliği, Ultra Düşük Gecikme, Intel Wi-Fi 6 Yonga Seti, Windows 10/11'i Destekler","B087ML9XMX","TP-Link","900 Computing Accessories","1090 Computing Components & Networking: Other","2","Einhell Professional akülü avuç taşlama TP-AG 18/125 CE Q Li Power X-Change (18 V, 900 W, 125 mm çap, 33 mm kesme derinliği, fırçasız, sürekli hız elektroniği, kesme diski veya akü olmadan)","B0C6MMXVL7","50.0","Einhell İnox kesici disk 125x1,0 mm 5 adet - 49711522","B0DK1GCKWS","50.0","Veggieg V-H109 18Gbps HDR 4K 60Hz 3D HDMI 2.0 Kablo 5 Metre","B0F8NW62G9","50.0","2026-06-30"
"TP-Link LS105LP | 5-Port 10/100Mbps PoE Switch | 4-Port PoE, 41W Güç Bütçesi, 250m İletim | Tak ve Çalıştır, Sessiz Metal Kasa | IP Kamera ve AP Uyumlu","B0CHFFPZQX","TP-Link","UNKNOWN","UNKNOWN","1","Duracell AA Alkalin Kalem Pil (10'Lu Paket) 1,5 V Lr6/Mn1500","B089QXTQND","100.0","Mercusys MS106LP, 6-Port 10/100Mbps Desktop Switch with 4-Port PoE+","B0C3D2QLTV","100.0","VegGieg Cat6 Metal RJ45 Jack 8P8C Ethernet Konnektörü Altın Kaplama 102 Adet","B0DMPK65NM","100.0","2026-06-30"
"TP-Link LS106LP | 6-Port 10/100Mbps PoE Switch | 4-Port PoE, 41W Güç Bütçesi, 250m İletim | Tak ve Çalıştır, Sessiz Metal Kasa | IP Kamera ve AP Uyumlu","B0CHFG2FQG","TP-Link","UNKNOWN","UNKNOWN","2","Logitech G G213 RGB Kablolu Oyuncu Klavyesi, LIGHTSYNC Teknolojisi, Sıvı Dökülmesine Dayanıklı, Özel Medya Denetimleri, Türkçe Q Klavye, Siyah","B01MXJVMGX","50.0","TP-Link LS108GP | 8-Port Gigabit PoE+ Switch | 62W PoE Bütçesi, 250m İletim, Tak ve Çalıştır | Fansız, Sessiz Metal Kasa | IP Kamera & AP Uyumlu Ağ Anahtarı","B0CPLWFF3J","50.0",,,"0.0","2026-06-30"
"Mercusys MA30H, AC1300 Mbps, Çift Bant, USB 3.0, Yüksek Çekim Güçlü Wi-Fi 5 USB Adaptör","B0CS6WK6YL","TP-Link","1000 Computing Components & Networking","1090 Computing Components & Networking: Other","4","Rapid Perçin4.8X14 mm Su Geçirmez Matkap Ucu","B00HB3GXDM","25.0","Mercusys MS105G, 5-Port 10/100/1,000 Mbps Masaüstü Switch","B07RK6CVS3","25.0","Ugreen CAT6 Flat Ethernet Kablosu, 10 Metre","B082TFD8KP","25.0","2026-06-30"
"TP-Link Deco BE25 3-pack, BE3600 Mbps, 2× 2.5 Gbps Portlar, AI Destekli Çoklu İşlem Kabiliyeti, 150 Cihaza Kadar Bağlanılabilirlik, VPN, WPA3, Dual-Band Wi-Fi 7 Mesh Sistemi","B0D6W2BPFC","TP-Link","1000 Computing Components & Networking","1005 Modems & networking devices","4","Ugreen CAT7 F/FTP Ethernet Kablosu 3 Metre","B00QV1F0TS","25.0","TP-Link LS1005G Ethernet Çevirici 5 Port 10/100/1000 Mbps","B07VC68RW1","25.0","TP-Link Deco BE25 2-pack, BE3600 Mbps, 2× 2.5 Gbps Portlar, AI Destekli Çoklu İşlem Kabiliyeti, 150 Cihaza Kadar Bağlanılabilirlik, VPN, WPA3, Dual-Band Wi-Fi 7 Mesh Sistemi","B0D6W3T4M3","25.0","2026-06-30"
"TP-Link Archer TBE400E | BE6500 Wi-Fi 7 PCIe Adaptör | Bluetooth 5.4 | Üç Bant 2882 + 2882 + 688 Mbps | Çift Anten | WPA3 Güvenlik | OFDMA & MU-MIMO | Windows 11 64-bit Uyumluluk","B0DFFPYNC7","TP-Link","1000 Computing Components & Networking","1005 Modems & networking devices","6","Bosch 2x PRO Phillips Impact Uç (120 x 50 mm, Professional Aksesuar Vidalama, Vidalama)","B083DN1KK3","16.67","Ugreen 8K 60 Hz Display Port to Display Port 1.4 Örgülü Kablo 2 Metre, Siyah","B088GQM9CV","16.67","KIOXIA EXCERIA 64GB microSDXC Kart – UHS-I, R100MB/s okuma","B088X252DK","16.67","2026-06-30"
"TP-Link Archer TBE400UH - Wi-Fi 7 Yüksek Çekim Güçlü Wi-Fi USB Adaptör, BE6500 Mbps, Tri-Band, USB 3.0, Çoklu Bağlantı İşlemi, Geniş Menzil, Online Oyun İçin İdeal, MU-MIMO ve OFDMA Destekli","B0F19KCGPK","TP-Link","1000 Computing Components & Networking","1005 Modems & networking devices","2","KIOXIA EXCERIA 960GB SSD – 2.5” SATA III, 555MB/s Okuma, 540MB/s Yazma","B087CPLJHX","50.0","TP-Link Archer BE230, BE3600 Mbps, Fiber Destekli, 2× 2.5 Gbps WAN/LAN Port + 3× Gbps Port, VPN Destekli, HomeSheild, Easy Mesh Uyumlu, Dual-Band Wi-Fi 7 Router","B0D6W2Z4XZ","50.0",,,"0.0","2026-06-30"
"TP-Link TL-SF1005D TP-LINK TL-SF1005D 5-Port 10/100Mbps Tak ve Kullan % 60 Enerji Tasarruflu Switch","B000FNFSPY","TP-Link","1000 Computing Components & Networking","1085 Switches","3","SanDisk Cruzer Blade 32GB USB 2.0 Flash Bellek- SDCZ50-032G-B35","B005FYNT3G","33.33","SanDisk Cruzer Glide 32GB USB 3.0 Flash Bellek - SDCZ600-032G-G35","B017RD0WHS","33.33","Orzax Ocean ExtraMag Üçlü Magnezyum Kombinasyonu 90 Tablet","B0BYNNPG1H","33.33","2026-06-30"
"TP-Link TL-SF1024D, 24-Portlu 10/100Mbps Desktop/Rackmount Switch","B0064GOQ5O","TP-Link","1000 Computing Components & Networking","1085 Switches","3","Dijital Minimalizm","6255989216","33.33","TP-Link UE300, USB 3.0 RJ45 Gigabit Ethernet Network Çevirici","B00V4BGDKU","33.33","Logitech M100 USB Kablolu Mouse, PC, Mac, Dizüstü Bilgisayar ile Uyumlu, 1000 DPI Optik İzleme, Sağ ve Sol Elle Kullanıma Uygun, Beyaz","B07W7L6HHN","33.33","2026-06-30"
"TP-Link TL-SG1008D, 8-Portlu Gigabit Masaüstü Switch","B00YMTI6WO","TP-Link","1000 Computing Components & Networking","1085 Switches","6","TP-Link TL-SG1005D, 5-Portlu Gigabit Masaüstü Switch","B00YMTNVEM","33.33","AVRUPA RESİM SANATINDA KAFAMIZI KARIŞTIRAN RESİMLER","6053996688","16.67","TP-Link TL-SG108E, 8-Port Gigabit Easy Smart Switch","B00JKB63D8","16.67","2026-06-30"
"TP-Link CPE220, 2.4GHz 300Mbps 12dBi Antenli Dış Mekan CPE/Access Point","B06ZZV414V","TP-Link","1000 Computing Components & Networking","1005 Modems & networking devices","3","Tp-link CPE210, 300Mbps 9dBi Dış Mekan CPE","B00OO47F0G","66.67","TP-Link Archer C50, AC 1200 Mbps Kablosuz Dual Band Access Point ve Router","B071RSD473","33.33","KIOXIA EXCERIA 64GB microSDXC Kart – UHS-I, R100MB/s okuma","B088X252DK","33.33","2026-06-30"
"TP-Link TD-W9960, 300Mbps Wireless N VDSL/ADSL Modem Router","B07CF4CDNM","TP-Link","1000 Computing Components & Networking","1005 Modems & networking devices","6","TP-Link Archer VR300, AC1200 Mbps Kablosuz Dual-Band Fiber Destekli VDSL/ADSL Modem Router, 4 Ethernet Portu ve 4 Harici Anten, Tether Uygulaması ile Kolay Kurulum","B077PZLGVB","50.0","Logitech MK295 Kablosuz Sessiz Klavye Mouse Seti, SilentTouch Teknolojisi, Gelişmiş Optik İzleme, Sıvı Dökülmesine Dayanıklı, 10 m Kullanım Mesafesi, Türkçe Q Klavye, Siyah","B07W6HBBMG","16.67","Aula AK205 105 Tuşlu Kablolu Türkçe Q Klavye","B082DSWVKZ","16.67","2026-06-30"
"TP-Link Archer C80, AC1900 Mbps Kablosuz MU-MIMO Wi-Fi Router, 4 Gigabit LAN Bağlantı Noktası, Beamforming, WPA3, Ebeveyn Denetimleri","B0859MHXXB","TP-Link","1000 Computing Components & Networking","1005 Modems & networking devices","6","Her Şeyin Şafağı: İnsanlığın Yeni Tarihi","6254146045","16.67","Barbie Dreamtopia Bebek ve Tek Boynuzlu At, renk değiştiren tuvaletiyle tek boynuzlu at ve 18 aksesuar, 3-7 yaş GTG01","B08W2NRHW2","16.67","TP-Link Deco X50-PoE 1-pack, AX3000 Mbps, PoE Destekli, Dual-Band, 2,5Gbps Ethernet Portu, 150 Cihaza Kadar Bağlantı, 230 m² 'ye Kadar Kapsama, Mobil Uygulama ile Kolay Kurulum, Wi-Fi 6 Mesh Sistemi","B0BSFFJN93","16.67","2026-06-30"
"TP-Link TL-WA855RE, N300 Mbps Wi-Fi Menzil Genişletici, 2 Harici Anten ve 1 Ethernet Bağlantı Noktalı Wi-Fi Güçlendirici/Hotspot, Access Point Modu, Tüm Wi-Fi Yönlendiriciler ile Çalışır","B00EYW1U68","TP-Link","1000 Computing Components & Networking","1005 Modems & networking devices","1","Bilindik Olanı Yabancılaştırmak Peter Haffner ile Söyleşi","6053148199","100.0",,,"0.0",,,"0.0","2026-06-30"
"TP-Link TL-MR6400, N300 Mbps Kablosuz 4G LTE Router, 4G/3G SIM Yuvası, Yapılandırma Gerektirmez, Konuk Ağı ve Ebeveyn Kontrolü Desteği","B017IGEPWW","TP-Link","1000 Computing Components & Networking","1005 Modems & networking devices","2","Tapo L510E AYARLANABİLİR IŞIK SEVİYELİ AKILLI WI-FI LED AMPUL 2700K Warm White","B087RZVBQW","50.0","KIOXIA EXCERIA 64GB microSDXC Kart – UHS-I, R100MB/s okuma","B088X252DK","50.0","256GB microSDXC Canvas Select Plus Gen3 150MB/s A1 Card + Adapter","B0FCZRCP67","50.0","2026-06-30"
"TP-Link TL-SF1008D 8-Portlu 10/100Mbps Masaüstü Switch","B076JFL4RM","TP-Link","1000 Computing Components & Networking","1085 Switches","3","Farkındalık Cehennemdir","6057246713","33.33","TP-Link TL-SG1016D, 16-Port Gigabit Masaüstü/Rackmount Switch","980035980X","33.33","TP-Link TL-SG1005D, 5-Portlu Gigabit Masaüstü Switch","B00YMTNVEM","33.33","2026-06-30"
"TP-Link TL-WA1201, AC1200 Mbps Kablosuz Access Point, Pasif PoE'yi destekler, Erişim Noktasını, Menzil Genişleticiyi, Çoklu SSID'yi destekler, Artırılmış Kapsama Alanı","B07HWKWH54","TP-Link","1000 Computing Components & Networking","1005 Modems & networking devices","1","Solingen CIMBIZ 7338 YAN NİKEL 1 Paket","B07HY6CVNG","100.0",,,"0.0",,,"0.0","2026-06-30"
"TP-Link Deco E4 3-Pack , AC1200 Mbps, Dual-Band, 10/100Mbps Portları, 100 Cihaza Kadar Bağlanılabilirlik, 370 m²'ye Kadar Kapsama, Mobil Uygulama ile Kolay Kurulum, Wi-Fi 5 Mesh Sistemi","B07TV5WQ78","TP-Link","1000 Computing Components & Networking","1005 Modems & networking devices","10","TP-Link Deco E4 1-Pack , AC1200 Mbps, Dual-Band, 10/100Mbps Portları, 100 Cihaza Kadar Bağlanılabilirlik, Mobil Uygulama ile Kolay Kurulum, Wi-Fi 5 Mesh Sistemi","B07TP62GWK","20.0","Philips 8000 Serisi LatteGo Pro Café Aromis Kahve Makinesi, Evde Kafe Kalitesi, BrewExtract, 54 farklı Sıcak ve Soğuk İçecek, EP8757/20","B0FV3G645G","20.0","Philips 2200 Serisi Tam Otomatik Espresso Makinesi, Dokunmatik Ekran, Klasik Süt Köpürtücü, 2 İçecek, EP2220/10","B07MMSHC4R","10.0","2026-06-30"
"TP-Link MC220L, Gigabit Ethernet Medya Dönüştürücü","B001GQDRWK","TP-Link","1000 Computing Components & Networking","1005 Modems & networking devices","5","Bosch Professional Accessories - 1, 5-13 mm - 1/2''-20 Anahtarlı Mandren","B0009U7AW2","20.0","Bosch Professional Mandren, Gri, 1 Adet","B000XIXTH0","20.0","Bosch 2 608 628 aksesuarı 389 kesici 8 mm, D1 18 mm, L 25 mm, G 56 mm","B000XIZ05E","20.0","2026-06-30"
"TP-Link TL-PA4010KIT, AV600 Nano Powerline Adaptör Başlangıç Kiti","B00A0VBPLM","TP-Link","900 Computing Accessories","1090 Computing Components & Networking: Other","5","Gece Yarısı Kütüphanesi","6051981837","20.0","Mutlu Olma Sanatı","6256462718","20.0","İşten ve Yaşamdan Zevk Almanın Yolları","9753311001","20.0","2026-06-30"
"TP-Link MC200CM, Gigabit Multi-Mode Medya Dönüştürücü","B001GWSMVU","TP-Link","1000 Computing Components & Networking","1085 Switches","2","Tokyo Gul 05. Cilt","6059141560","50.0","Tokyo Gul 6. Cilt","605914165X","50.0","Logitech G305 Lightspeed Kablosuz Gaming Mouse, Siyah","B07CGPZ3ZQ","50.0","2026-06-30"
"TP-Link TL-SG108E, 8-Port Gigabit Easy Smart Switch","B00JKB63D8","TP-Link","1000 Computing Components & Networking","1085 Switches","15","Ugreen Cat6A Slim 10 Gbps Ethernet Kablosu 3 Metre","B07Z8QKSTX","13.33","Etika","6258123554","6.67","TP-Link TL-SG1016DE, 16-Port Gigabit Easy Smart Switch","B00DBRPKS6","6.67","2026-06-30"
"TP-Link UH400, 5Gbps Transfer Hızlı Tak ve kullan 4-Port USB 3.0 Hub","B00V4BGD00","TP-Link","1000 Computing Components & Networking","1005 Modems & networking devices","96","Viko Yonca Plus Beyaz Üçlü Topraklı Priz Çarpma Karşıtı","B0CKT61ZV3","3.13","TP-Link Archer TX50UH, AX3000Mbps USB Adaptörü, Wi-Fi 6, USB 3.0, Çift Bantlı, WPA3, Beamforming, MU-MIMO","B0CQYKYBJ5","3.13","Logitech M171 Kablosuz Mouse, PC, Mac, Dizüstü Bilgisayar için, 2,4 GHz, USB Mini Alıcılı, Optik İzleme, 12 Aylık Pil Ömrü, Sağ ve Sol Elle Kullanıma Uygun, Siyah","B01A9GXEOI","2.08","2026-06-30"
"TP-Link TL-ER7206, SafeStream Gigabit Multi-WAN VPN Router","B08W4RMZ8T","TP-Link","1000 Computing Components & Networking","1005 Modems & networking devices","2","TP-Link ER706W, Omada AX3000 Gigabit VPN Router","B0CJCJ62RH","100.0",,,"0.0",,,"0.0","2026-06-30"
"TP-Link TL-SF1016D, AC650 Yüksek Kazançlı Kablosuz Çift Bantlı USB Adaptör","B000N79VQO","TP-Link","1000 Computing Components & Networking","1085 Switches","1","KIOXIA TransMemory U202 32GB USB Bellek – USB 2.0, Beyaz","B088PFJCQV","100.0",,,"0.0",,,"0.0","2026-06-30"
"TP-Link TL-PA4010PKIT, AV600 AC Güç Soketli Powerline Adaptör Başlangıç Kiti","B00ADW9R22","TP-Link","900 Computing Accessories","1090 Computing Components & Networking: Other","4","VegGieg CAT6 1000Mbps Gigabit UTP Ethernet Kablosu 5 Metre","B0DMT77B39","50.0","Bilinçli Bebek","6051115293","25.0","Belkin Surge Plus 4'lü priz, yüksek gerilim korumalı (2,4 A, 2 m kablolu 2 USB bağlantısı dahil) beyaz/gri BSV401VF2M","B00LHUPJLW","25.0","2026-06-30"
"TP-Link TL-SG1005D, 5-Portlu Gigabit Masaüstü Switch","B00YMTNVEM","TP-Link","1000 Computing Components & Networking","1085 Switches","17","VegGieg CAT6 1000Mbps Gigabit UTP Ethernet Kablosu 1 Metre","B0DMT7YNGH","17.65","TP-Link TL-SG1008D, 8-Portlu Gigabit Masaüstü Switch","B00YMTI6WO","11.76","TP-Link LS1005G Ethernet Çevirici 5 Port 10/100/1000 Mbps","B07VC68RW1","11.76","2026-06-30"
"TP-Link Archer MR200, AC750 Mbps Kablosuz Dual Band 3G/4G LTE Router, Çift Bantlı","B014VB4N4M","TP-Link","1000 Computing Components & Networking","1005 Modems & networking devices","1","KIOXIA EXCERIA 64GB microSDXC Kart – UHS-I, R100MB/s okuma","B088X252DK","100.0",,,"0.0",,,"0.0","2026-06-30"
"TP-Link Archer T3U, AC1300 Mini Wireless MU-MIMO USB Adaptör","B07M69276N","TP-Link","900 Computing Accessories","1090 Computing Components & Networking: Other","9","Kablosuz Wifi Alıcı AC1300 Mbps Dual Band USB 3.0 Adaptör","B0859M539M","22.22","Seraph of the End – Kıyamet Meleği 33","6256114213","11.11","İnce Memed 1","9750807146","11.11","2026-06-30"
"TP-Link Archer T2U Plus, AC 600 Mbps Antenli Wireless USB Adaptör","B07P681N66","TP-Link","900 Computing Accessories","1090 Computing Components & Networking: Other","15","Kudüs Günlükleri","6052241020","6.67","Castro: Resimlerle Küba Devrimi","6055069040","6.67","Burma Günlükleri","6059670725","6.67","2026-06-30"
"TP-Link Archer MR600, 4G+ Cat6 AC1200 Mbps Wireless Dual-Band Gigabit Router, 4G/3G SIM Yuvası, MU-MIMO Teknolojisi, Yapılandırma Gerektirmez, Konuk Ağı ve Ebeveyn Kontrolü Desteği","B07TW8RZV8","TP-Link","1000 Computing Components & Networking","1005 Modems & networking devices","2","Kalk Bi Dopamin Demle: Vakti Olmayanlar İçin Sinirbilim (VOİS)","6057144643","50.0","Ulanzi CO09 Hassas Yüzeyler için Mikrofiber Temizlik Bezi","B0F4L3N45C","50.0","Ulanzi C068 Siyah & Beyaz Koruyucu Kumaş 45cm","B0F5X69ZVZ","50.0","2026-06-30"
"TP-Link LS1008G Ethernet Çevirici 8 Port, 10/100/1000 Mbps","B07VC41CXJ","TP-Link","1000 Computing Components & Networking","1085 Switches","3","Kodak 30411562 Lityum Pil, Gri","B015W9L9D0","33.33","Tp-link RE305, AC1200 Wi-Fi Range Extender","B01MD1SKLL","33.33","TP-Link LS1005G Ethernet Çevirici 5 Port 10/100/1000 Mbps","B07VC68RW1","33.33","2026-06-30"
"TP-Link TL-WPA8631P KIT, AV1300 Gigabit Passthrough Powerline ac Wi-Fi Kiti","B08D8QTNKG","TP-Link","1000 Computing Components & Networking","1005 Modems & networking devices","2","Philips Filtre Kahve Makinesi, 1,2 Lt Kapasite, Otomatik Kapanma, Cam Demlikli, Kolay Doldurma, Zamanlayıcı, Siyah ve Metal, HD7459/20","B00E385ATG","50.0","VegGieg CAT8 40Gbps 2000Mhz STP RJ45 Ethernet Kablosu 1.5 Metre","B0DMT7T9VQ","50.0",,,"0.0","2026-06-30"
"TP-Link Archer AX55, AX3000 Mbps Dual Band Wi-Fi 6 Router, Fiber Destekli, 4× Gigabit LAN Ports, WPA3, 1× USB 3.0 Port, Oyun için İdeal Xbox/PS4/8K Steam","B09BMXXW6N","TP-Link","1000 Computing Components & Networking","1005 Modems & networking devices","16","Ugreen CAT6 Flat Ethernet Kablosu, 2 Metre, Siyah","B071YR6DRK","12.5","Ugreen CAT6 Flat Ethernet Kablosu, 10 Metre","B082TFD8KP","12.5","KabelDirekt – LAN kablosu düz, kırılmaz yapı – 20m (CAT7 kablo, 10 Gbit/s, özellikle esnek ve kurulum kablosu olarak uygun, maksimum fiber optik hız, RJ45, beyaz)","B08JGW3PM8","12.5","2026-06-30"
"Mercusys MB110-4G, 300 Mbps Kablosuz N 4G LTE Router","B0BPYPK2QC","TP-Link","1000 Computing Components & Networking","1005 Modems & networking devices","3","Hario V60 01 Dripper Filtresi (100 adet)","B001U7CVEA","33.33","TP-Link TL-SG105, 5-Port 10/100/1000Mbps Gigabit Siwtch","B00A128S24","33.33","SanDisk Ultra SDSQUNR-064G-GN3MN Class 10 UHS-I 64 GB Micro SD Kart","B08HYFSXKW","33.33","2026-06-30"
"TP-Link Deco X10 2-pack, AX1500 Mbps, 360 m²'ye kadar Kapsama Alanı, 120 Cihaza Kadar Bağlantı, Gigabit Portlu, Mobil Uygulama ile Kolay Kurulum,Yapay Zeka Destekli Wi-Fi 6 Mesh Sistemi","B0CKPSJ523","TP-Link","1000 Computing Components & Networking","1005 Modems & networking devices","3","SanDisk Ultra Flair 256 GB USB 3.0 Flash Bellek - SDCZ73-256G-G46","B06XG9XP49","33.33","JACOBS - Espresso 7 Classico - Orta Yoğunluk - Dengeli ve Meyvemsi - Espresso Kapsülleri - 10 alüminyum kapsül x 10 Adet","B071FFC4BH","33.33","New Life Mag4 Day & Night Magnezyum 60 Tablet Sitrat - Malat - Taurat - Bisglisinat - B6 Vitamini","B0CPLPTVRM","33.33","2026-06-30"
"TP-Link UH7020C, 4K 60Hz HDMI, Gigabit RJ45 Port, 100W Hızlı Şarj, SD ve MicroSD Kart Yuvası, 5Gbps Data Transfer Hızı, 7'si Bir Arada USB-C Hub","B0DP4N2J9L","TP-Link","1000 Computing Components & Networking","1090 Computing Components & Networking: Other","2","Logitech H540 Kablolu Kulak Üstü Mikrofonlu Kulaklık, Lazer Ayarlı Sürücüler ve Dahili Ekolayzer, Dijital Stereo Ses, Kulaklık Üzeri Denetimler, Gürültü Önleyici Katlanabilir Mikrofon, Siyah","B008S1IOSS","50.0","SanDisk Extreme Portable SSD 1 TB (taşınabilir NVMe SSD, USB-C, 1.050 MB/sn'ye kadar okuma hızı ve 1.000 MB/s yazma hızı, su ve toza dayanıklı) SDSSDE61-1T00-G25","B08GTYFC37","50.0",,,"0.0","2026-06-30"
"TP-Link UA430D | USB 3.0 Type-C & Type-A SD/microSD Kart Okuyucu | 5 Gbps Hız, UHS-I 200 MB/s, Çift Kart Eşzamanlı Okuma/Yazma, 2TB’a Kadar Destek, Alüminyum Gövde, Tak-Çalıştır","B0FJLPX3GZ","TP-Link","1000 Computing Components & Networking","1125 Computing Memory: Other","1","İspanyolca Konuşma Kılavuzu: Hemen Konuş Gramer özetli, sözlüklü, renkli, resimli","6051060537","100.0",,,"0.0",,,"0.0","2026-06-30"
"TP-Link TL-WPA7617 KIT, AV1000 Gigabit Passthrough Powerline ac Wi-Fi Kit","B08XNLZLJ3","TP-Link","900 Computing Accessories","1090 Computing Components & Networking: Other","3","Logitech Signature M650 Kablosuz Mouse, Küçük ve Orta Boy Sağ El için, 4000 DPI, Sessiz, Bluetooth, Logi Bolt USB Alıcı, 24 Ay Pil Ömrü, Beyaz","B07W7JR6BZ","33.33","Ugreen USB 2.0 A Male to mini 5 pin male cable 2m black","B082TFD8KS","33.33","SteelSeries Aerox 3 Wireless Snow Gaming Mouse - TrueMove Air Optik Sensör - 68 Gram - Suya Dayanıklı - Beyaz","B0966V1GPG","33.33","2026-06-30"
"TP-Link Deco PX50 2-Pack, AX3000 + G1500, 1 GHz CPU, Powerline/Mesh, Yapay Zeka Desteği, Gigabit Portları, 150 Cihaza Kadar Bağlantı, 420 m² 'ye Kadar Kapsama, Powerline Mesh WiFi 6 Sistemi","B0C3CYL7LR","TP-Link","1000 Computing Components & Networking","1005 Modems & networking devices","1","KabelDirekt – Cat 7 Ethernet Kablosu, kırılmaya dayanıklı – 0,5m – 10 Gbit Ağ, 0,25-30m arasında mevcut (Yüksek hızlı ağlar için yama kablosu, PC, Anahtar/Yönlendirici/Modem, RJ45, siyah)","B08438X88T","100.0",,,"0.0",,,"0.0","2026-06-30"
"TP-Link LS105GP | 5-Port Gigabit PoE+ Switch | 65W PoE Bütçesi, 250m İletim, Tak ve Çalıştır | Fansız, Sessiz Metal Kasa | IP Kamera & AP Uyumlu Ağ Anahtarı","B0CHFFKF4F","TP-Link","UNKNOWN","UNKNOWN","5","TP-Link Deco X50-PoE 1-pack, AX3000 Mbps, PoE Destekli, Dual-Band, 2,5Gbps Ethernet Portu, 150 Cihaza Kadar Bağlantı, 230 m² 'ye Kadar Kapsama, Mobil Uygulama ile Kolay Kurulum, Wi-Fi 6 Mesh Sistemi","B0BSFFJN93","40.0","TP-Link LS105G, 5-Port 10/100/1000 Mbps Gigabit Ethernet Switch, 5 Bağlantılı Harici Güç Adaptörü","B07RPVQY62","20.0","TP-Link LS108GP | 8-Port Gigabit PoE+ Switch | 62W PoE Bütçesi, 250m İletim, Tak ve Çalıştır | Fansız, Sessiz Metal Kasa | IP Kamera & AP Uyumlu Ağ Anahtarı","B0CPLWFF3J","20.0","2026-06-30"
"TP-Link LS108GP | 8-Port Gigabit PoE+ Switch | 62W PoE Bütçesi, 250m İletim, Tak ve Çalıştır | Fansız, Sessiz Metal Kasa | IP Kamera & AP Uyumlu Ağ Anahtarı","B0CPLWFF3J","TP-Link","UNKNOWN","UNKNOWN","12","Brennenstuhl Eco Serisi 6’Lı Grup Priz, Yüksek Gerilim Korumalı (Anahtar Ve 5 M Kabloyla Birlikte, Özellikle Elektrik Tasarrufu Sağlar), Renk: Antrasit","B00EPR5EDW","8.33","TP-Link TL-SG116, 16-Port Gigabit Desktop Switch","B07FY23LW7","8.33","Multilet Üçlü Priz Topr Klemens Çocuk Kor.","B07NWXVF97","8.33","2026-06-30"
"TP-Link Archer TX10UB Nano | Wi-Fi 6 & Bluetooth 5.3 USB Adaptör | AX900 Mbps | Çift Bant | İkisi Bir Arada | Kolay Kurulum | Windows Uyumlu","B0DQXSRGQ4","TP-Link","1000 Computing Components & Networking","1090 Computing Components & Networking: Other","24","Razer Ornata V3 - Düşük Profilli Oyun Klavyesi (Hibrit Mecha-Membran Anahtarı, UV Kaplamalı Tuş Başlıkları, Manyetik Yumuşak Dokunuşlu Bilek Desteği, RGB Chroma) TR Düzeni | Siyah","B0C6B3GCBR","8.33","Türkçülüğün Esasları","6051551921","4.17","Dremel GG01 Çok Amaçlı Yüksek Sıcaklık (165°-195°C) Tutkal Çubukları, 7 mm, 12'li","B004G98SSC","4.17","2026-06-30"
"Mercusys ME80X, AX3000 Mbps, 1 Gigabit Bağlantı Noktası ve 2 Harici Anten, Dahili Access Point Modu, Tek Tuşla Kolay Kurulum, Mobil Uygulama Desteği, Dual-Band Wi-Fi 6 Menzil Genişletici","B0F674XQJR","TP-Link","1000 Computing Components & Networking","1005 Modems & networking devices","4","New Life Efa One Balık Yağı 45 Kapsül - 1020mg Omega 3-580mg EPA - 390mg DHA","B07HS1LSY3","25.0","SONGMICS Piknik örtüsü, 195 x 150 cm, büyük plaj örtüsü, kamp örtüsü, dış mekan, kamp, park, bahçe, plaj, su geçirmez alt kısım, katlanabilir, gri-beyaz GCM60GW","B07MZPHFFY","25.0","Wafer Master Cubes Çikolatalı 100 Gr","B092WBWQJV","25.0","2026-06-30"
"TP-Link Archer AX23, AX1800 Çift Bant Wi-Fi 6 Yönlendirici","B09DQ3RV16","TP-Link","1000 Computing Components & Networking","1005 Modems & networking devices","3","VegGieg CAT6 1000Mbps Gigabit UTP Ethernet Kablosu 2 Metre","B0DMT8XKF4","66.67","Tunçmatik Tsk19019 Akım Koruyucu Prizler, Beyaz, 1'Li 1050 Joule","B0DTZ4NJJJ","33.33","VegGieg CAT7 10Gbps Gigabit 600Mhz FTP RJ45 Flat Ethernet Kablosu 1 Metre","B0GH277QXL","33.33","2026-06-30"
"TP-Link ER706W, Omada AX3000 Gigabit VPN Router","B0CJCJ62RH","TP-Link","1000 Computing Components & Networking","1005 Modems & networking devices","9","TP-Link TL-ER7206, SafeStream Gigabit Multi-WAN VPN Router","B08W4RMZ8T","22.22","TP-Link TL-SG108-M2, 8-Port 2.5G Desktop Switch","B08WQ16H4N","22.22","LEGO Editions Cristiano Ronaldo – Unutulmaz Futbol Anları 43012-10 Yaş ve Üzeri Çocuklar için Minifigür ve Koleksiyonluk Levha İçeren Yaratıcı Oyuncak Yapım Seti, Hediye Fikri (490 Parça)","B0FPXGJL6H","22.22","2026-06-30"
"TP-Link Deco BE65 1-pack, BE9300 Mbps, 4 × 2.5 Gbps Portlar, 320 MHz Kanallar, 6 GHz Bandında Çalışır, 200 Cihaza Kadar Bağlanılabilirlik, VPN, WPA3, Üç Bantlı Wi-Fi 7 Mesh Sistemi","B0CJJ712ZX","TP-Link","1000 Computing Components & Networking","1005 Modems & networking devices","17","TP-Link Deco BE65 2-pack, BE9300 Mbps, 4 × 2.5 Gbps Portlar, 320 MHz Kanallar, 6 GHz Bandında Çalışır, 200 Cihaza Kadar Bağlanılabilirlik, VPN, WPA3, Üç Bantlı Wi-Fi 7 Mesh Sistemi","B0CJJ733W3","17.65","TP-Link RE315 AC1200 Mbps Wi-Fi Güçlendirici - 2 Harici Anten, 1 Ethernet Bağlantı Noktası, Hotspot ve Access Point Modu, Tüm Yönlendiriciler ile Uyumlu, Wi-Fi 5 Menzil Genişletici","B08R6JH8DG","11.76","Bazı İnsanlar Böyle Yaşar 5 – Ciltli (Kutulu)","6258733352","5.88","2026-06-30"
"Mercusys MA530, Bluetooth 5.3, Nano USB Adaptör","B0D7GXQQ4N","TP-Link","1000 Computing Components & Networking","1090 Computing Components & Networking: Other","51","Mercusys MA32H, AC1300 Mbps, Çift Bant, USB 3.0, Yüksek Çekim Güçlü Wi-Fi 5 USB Adaptör","B0F5B8SFRF","11.76","Pi&Go Oral B Şarjlı Diş Fırçası Uyumlu Yedek Başlık - Elektrikli Diş Fırçası Yedek Başlığı, 4 Adet","B0BL7B4825","3.92","Viko Yonca Plus Beyaz Üçlü Topraklı Priz Çarpma Karşıtı","B0CKT61ZV3","3.92","2026-06-30"
"TP-Link EH210 Gigabit Ethernet Splitter 1 to 2, RJ45 LAN Çoğaltıcı 1000 Mbps, USB-C Güçlü, Dual Port Ethernet Bölücü, Tak Çalıştır Network Splitter","B0FQN7QDFC","TP-Link","1000 Computing Components & Networking","1005 Modems & networking devices","7","KabelDirekt – Ethernet Kablosu, Ağ Kablosu, LAN – 1,5m – 0,25-30m arasında mevcuttur (10Gbps, Gigabit Ağlar için Fiber Hızı, RJ45 ile Switch/Router/Modem, siyah/mavi)","B018M70IA4","14.29","Ugreen CAT6 Flat Ethernet Kablosu, 10 Metre","B082TFD8KP","14.29","TP-Link UE300C, USB Type-C to RJ45 Gigabit Ethernet Network Adapter","B08FYB5HHK","14.29","2026-06-30"
"TP-Link TL-WN823N, 300 Mbps N Kablosuz WPS/Soft AP Mini USB Adaptör","B0799C35LV","TP-Link","900 Computing Accessories","1090 Computing Components & Networking: Other","8","Logitech M90 USB Kablolu Mouse, PC, Mac, Dizüstü Bilgisayar ile Uyumlu, 1000 DPI Optik İzleme, Sağ ve Sol Elle Kullanıma Uygun, Siyah","B003D8ZT0C","25.0","KIOXIA 128GB Exceria G3 Micro SDXC U1 V30 A2 4K 160/50MB/sn Hafıza Kartı (SD Adaptörlü)","B0FZSL68PP","25.0","Logitech MK330 Kablosuz Klavye ve Mouse Seti, Multimedya Tuşları, Sıvı Dökülmesine Dayanıklı, 10 m Kullanım Mesafesi, Türkçe Q Klavye, Siyah","B009RJQQCG","12.5","2026-06-30"
"TP-Link Deco M4 3-pack , AC1200 Mbps, Dual-Band, Gigabit Portları, 100 Cihaza Kadar Bağlanılabilirlik, 370 m²'ye Kadar Kapsama, Mobil Uygulama ile Kolay Kurulum, Wi-Fi 5 Mesh Sistemi","B07L45LZP5","TP-Link","1000 Computing Components & Networking","1005 Modems & networking devices","4","TP-Link Deco M4 2-pack, AC1200 Mbps, Dual-Band, Gigabit Portları, 100 Cihaza Kadar Bağlanılabilirlik, 260 m²'ye Kadar Kapsama, Mobil Uygulama ile Kolay Kurulum, Wi-Fi 5 Mesh Sistemi","B07KJ2TDMR","50.0","Tapo C200, 1080P Full HD, Hareket Tespit ve Takibi, 360°, 9m Gece Görüşü, Çift Yönlü Sesli İletişim, Sesli Alarm, Bulut/Yerel Depolama, Bebek Ağlaması Tespiti, İç Mekan Wi-Fi Güvenlik Kamerası","B07XLML2YS","25.0","VegGieg Type-C to USB 3.0 Çevirici Dönüştürücü Adaptör","B0DM9ND7C4","25.0","2026-06-30"
"TP-Link TL-PA7017 KIT, AV1000 Gigabit Powerline Başlangıç Kiti","B07WRQ9S1B","TP-Link","1000 Computing Components & Networking","1005 Modems & networking devices","1","Belkin Surge Plus Priz (Dalgalanma Koruyucu 2.4A, 2m Kablo), Beyaz / Gri","B00LHUPKYI","100.0",,,"0.0",,,"0.0","2026-06-30"
"TP-Link LS1008, 8-Port 10/100 Mbps Fast Ethernet Switch, 8 Bağlantılı Ethernet Çevirici, Beyaz","B07ZKXKHSD","TP-Link","1000 Computing Components & Networking","1085 Switches","14","TP-Link LS1005 Ethernet Çevirici 5 Port, 10/100 Mbps, Beyaz","B07ZKWRYSS","35.71","TP-Link TL-WN722N, N150 Mbps Yüksek Kazanımlı Kablosuz USB Adaptör, 4dBi Ayrılabilir Anten","9800359850","7.14","Neutrogena Yoğun Nemlendirici Çok Amaçlı Rahatlatıcı Bakım Kremi","B00UZ92R5C","7.14","2026-06-30"
"Tp-link TL-SM311LM, MiniGBIC Modülü","B001800S6M","TP-Link","1000 Computing Components & Networking","1005 Modems & networking devices","1","TP-Link MC220L, Gigabit Ethernet Medya Dönüştürücü","B001GQDRWK","100.0","BenQ PD2730S 27 IPS 5K THUNDERBOLT4 USB MAC UYUMLU","B0F2GL5LQN","100.0","EPOCH Sylvanian Families Çikolata Kulaklı Tavşan Ailesi Yıldönümü Seti","B0FZL3ZMGV","100.0","2026-06-30"
"TP-Link TL-SG105, 5-Port 10/100/1000Mbps Gigabit Siwtch","B00A128S24","TP-Link","1000 Computing Components & Networking","1085 Switches","65","VegGieg CAT6 1000Mbps Gigabit UTP Ethernet Kablosu 2 Metre","B0DMT8XKF4","10.77","KabelDirekt – Ethernet Kablosu, Ağ Kablosu, LAN – 1,5m – 0,25-30m arasında mevcuttur (10Gbps, Gigabit Ağlar için Fiber Hızı, RJ45 ile Switch/Router/Modem, siyah/mavi)","B018M70IA4","9.23","VegGieg CAT6 1000Mbps Gigabit UTP Ethernet Kablosu 1 Metre","B0DMT7YNGH","7.69","2026-06-30"
"TP-Link UE200, USB 2.0 Ethernet Ağ Adaptörü","B01GNP5UUA","TP-Link","900 Computing Accessories","1090 Computing Components & Networking: Other","3","Uykusu Gelmeyen Porsuk","6254050749","33.33","Seni Seviyorum Miniğim","6257070031","33.33","Çocuklar Soruyor, İlber Hoca Cevaplıyor: Gazi Mustafa Kemal Atatürk","6259386249","33.33","2026-06-30"
"TP-Link UC400, Yüksek Hızda 3.0 USB-C - USB-A Adaptör","B07F5GMKN8","TP-Link","900 Computing Accessories","1090 Computing Components & Networking: Other","14","Belkin Adaptör USB-C - USB-A (15 cm, USB-C fişi, USB-A soketi, Apple MacBook ve Chromebook Pixel için uygun) siyah","B00WJSPWRM","14.29","MACK MCC-4005 Elektronik Aksesuar Çantası","B0BLYWCGPB","14.29","MACK MCC-4008 2.5 Hard Disk Kılıfı Siyah Turuncu","B0BMTXYV8K","14.29","2026-06-30"
"TP-Link Deco M4 2-pack, AC1200 Mbps, Dual-Band, Gigabit Portları, 100 Cihaza Kadar Bağlanılabilirlik, 260 m²'ye Kadar Kapsama, Mobil Uygulama ile Kolay Kurulum, Wi-Fi 5 Mesh Sistemi","B07KJ2TDMR","TP-Link","1000 Computing Components & Networking","1005 Modems & networking devices","9","TP-Link Deco M4 3-pack , AC1200 Mbps, Dual-Band, Gigabit Portları, 100 Cihaza Kadar Bağlanılabilirlik, 370 m²'ye Kadar Kapsama, Mobil Uygulama ile Kolay Kurulum, Wi-Fi 5 Mesh Sistemi","B07L45LZP5","22.22","KabelDirekt – Ethernet Kablosu, Ağ Kablosu, LAN – 0,5m – 0,25-30m arasında mevcuttur (10Gbps, Gigabit Ağlar için Fiber Hızı, RJ45 ile Switch/Router/Modem, siyah/mavi)","B018M6VG5Q","11.11","KabelDirekt – Ethernet Kablosu, Ağ Kablosu, LAN – 1,5m – 0,25-30m arasında mevcuttur (10Gbps, Gigabit Ağlar için Fiber Hızı, RJ45 ile Switch/Router/Modem, siyah/mavi)","B018M70IA4","11.11","2026-06-30"
"TP-Link RE505X, AX1500 Mbps OneMesh Wi-Fi 6 Menzil Genişletici, Geniş Bant/Wi-Fi Genişletici, 1 Gigabit Bağlantı Noktası ve 2 Harici Anten ile Güçlendirici/Hotspot, Dahili Erişim Noktası Modu","B0859M6P2C","TP-Link","1000 Computing Components & Networking","1005 Modems & networking devices","8","İntihar Dükkanı","9755705465","12.5","La Roche Posay Effaclar Gel - Yağlı ve Hassas Ciltler İçin Temizleyici Jel 400ml","B003JSEGNC","12.5","Vileda Spino Yedek Paspas","B079SDFQKL","12.5","2026-06-30"
"TP-Link Deco X50-PoE 1-pack, AX3000 Mbps, PoE Destekli, Dual-Band, 2,5Gbps Ethernet Portu, 150 Cihaza Kadar Bağlantı, 230 m² 'ye Kadar Kapsama, Mobil Uygulama ile Kolay Kurulum, Wi-Fi 6 Mesh Sistemi","B0BSFFJN93","TP-Link","1000 Computing Components & Networking","1005 Modems & networking devices","22","TP-Link Deco X50(2-pack), AX3000 Tüm Ev Mesh WiFi 6 Sistemi","B09LVFNMVJ","13.64","Bosch 1x PRO Metal X571 Yelpaze Taşlama Diski, X-Lock için Açılı Tasarım (Çelik, Paslanmaz Çelik, Ø 125 mm, Granülasyon 60, Profesyonel Aksesuar Küçük Açılı Taşlama Makinesi)","B07X81K4BP","9.09","TP-Link Deco X50-Outdoor 1-Pack, AX3000 Mbps, IP65 Toza ve Suya Dayanıklılık, Dual-Band, Gigabit Bağlantı Noktaları, 230 m² 'ye Kadar Kapsama, HomeSheild, Dış Mekan/İç Mekan WiFi 6 Mesh Ünitesi","B0BVKZDF98","9.09","2026-06-30"
"TP-Link Archer TX50UH, AX3000Mbps USB Adaptörü, Wi-Fi 6, USB 3.0, Çift Bantlı, WPA3, Beamforming, MU-MIMO","B0CQYKYBJ5","TP-Link","900 Computing Accessories","1090 Computing Components & Networking: Other","19","TP-Link UH400, 5Gbps Transfer Hızlı Tak ve kullan 4-Port USB 3.0 Hub","B00V4BGD00","15.79","TP-Link TL-WA850RE, N300 Mbps Wi-Fi Menzil Genişletici, 1 Ethernet Bağlantı Noktalı Wi-Fi Güçlendirici/Hotspot, Access Point Modu, Tüm Wi-Fi Yönlendiriciler ile Çalışır","B00A0VCJPI","5.26","Logitech MK270 Kablosuz Klavye Mouse Seti, Tam Boyutlu, Sağ ve Sol Elle Kullanıma Uygun Mouse, 10 m Kullanım Mesafesi, Sıvı Dökülmesine Dayanıklı, Türkçe Q Klavye, Siyah","B00DFYK2B0","5.26","2026-06-30"
"TP-Link UH6120C, 1 HDMI, 1 100W Hızlı Şarj Portu, 1 USB-C, 2 USB-A 3.0 Port ve Type C den Gigabit Ethernet Dönüştürücü","B0DCZY52K3","TP-Link","1000 Computing Components & Networking","1090 Computing Components & Networking: Other","32","Viko Multi-Let Üçlü Priz Anahtarlı Topraklı Kablolu Çocuk Korumalı 5 Mt","B07BK7ZJF6","6.25","Logitech, Mx Keys Mini Minimalist Kablosuz Aydınlatmalı Klavye, Kompakt, Bluetooth, Performans, Çoklu Cihaz Özellikli, 5 Ay Pil Ömrü, Türkçe Q Klavye, 920-010504, Siyah","B07W4DGZ56","6.25","Logitech MX Master 3S Bluetooth Edition Performans Kablosuz Mouse, 8.000 DPI, Sessiz, Ergonomik, Ultra Hızlı Kaydırma, Çoklu Cihaz Özelliği, Bluetooth, Logi Bolt USB Alıcı, Siyah","B0FHHSHJ5L","6.25","2026-06-30"
"TP-Link Archer GE550 | Wi-Fi 7 Gaming Router | 9300 Mbps Hız | Üç Bant | 5G/2.5G Port | EasyMesh | MLO | RGB Aydınlatma | Oyun Hızlandırma | HomeShield","B0DJSV2W43","TP-Link","1000 Computing Components & Networking","1005 Modems & networking devices","1","Razer DeathAdder V3 - Ergonomik Esports Fare (59 g Hafif Tasarım, Ergonomik Şekil, 30K Optik Sensör, Optik Fare Anahtarı Gen-3, 8000Hz HyperPolling Teknolojisi, Speedflex Kablo) Siyah","B09ZLTV8B3","100.0",,,"0.0",,,"0.0","2026-06-30"
"TP-Link UE302C, USB Type-C den 2.5 Gigabit Ethernet Adaptörü","B0DNYZQ5GS","TP-Link","1000 Computing Components & Networking","1090 Computing Components & Networking: Other","18","Ugreen CAT6 Flat Ethernet Kablosu, 10 Metre","B082TFD8KP","16.67","TP-Link UE300, USB 3.0 RJ45 Gigabit Ethernet Network Çevirici","B00V4BGDKU","11.11","Ugreen Cat6A Slim 10 Gbps Ethernet Kablosu 2 Metre","B081MPVF1Y","11.11","2026-06-30"
"TP-Link UA520C, USB Type-C den 4K@60Hz HDMI Dönüştürücü","B0DPZNFKBL","TP-Link","1000 Computing Components & Networking","1090 Computing Components & Networking: Other","8","Brennenstuhl Premium-Line 6'lı Çoklu Priz - Şalterli, 5 m Kablolu, 45° Düzenli, Duvar Montajlı (Alman Malı) Siyah/Gri","B00HHIEQM6","12.5","Ugreen Mini Displayport HDMI Dönüştürücü Adaptör Siyah","B01CL1P4QU","12.5","Ugreen UHD 4K Yüksek Hızlı Ethernet ve HDMI Kablosu, 10 Metre","B077N34P12","12.5","2026-06-30"
"TP-Link UH3020C, 4K 60Hz HDMI, 100W Hızlı Şarj, 1x Type-A, 3'ü Bir Arada USB-C Hub","B0DQTLDKD2","TP-Link","1000 Computing Components & Networking","1090 Computing Components & Networking: Other","11","Logitech H111 Kablolu Stereo Kulak Üstü Mikrofonlu Kulaklık, Standart 3.5 mm Jak Girişi, 235 Kablo Uzunluğu, Siyah","B00ZOZZM4U","9.09","Vodaseal Çok Amaçlı Tamir Bandı, 50mmx10mt, Gri","B07J1Y6DDZ","9.09","Ugreen USB to USB Data ve Şarj Kablosu, 1.5 Metre","B082JR9RT4","9.09","2026-06-30"
"TP-Link Archer TX1U Nano; AX300 Mbps, Nano Tasarım, Tak ve Çalıştır, Linux ve Windows(11/10/7) Destekli, Wi-Fi 6 USB Adaptör","B0DQXPQSXM","TP-Link","1000 Computing Components & Networking","1005 Modems & networking devices","7","TP-Link TL-WN722N, N150 Mbps Yüksek Kazanımlı Kablosuz USB Adaptör, 4dBi Ayrılabilir Anten","9800359850","14.29","Logitech M185 Kablosuz Mouse, 1.000 DPI Optik Sensör, Sağ ve Sol Elle Kullanıma Uygun, 10 m Kullanım Mesafesi, 12 Ay Pil Ömrü, Gri","B00552K0GM","14.29","TP-Link Tl-Wn725N, 150Mbps Kablosuz N Nano Usb Adaptör","B008IFXQFU","14.29","2026-06-30"
"TP-Link Deco X50(2-pack), AX3000 Tüm Ev Mesh WiFi 6 Sistemi","B09LVFNMVJ","TP-Link","1000 Computing Components & Networking","1005 Modems & networking devices","24","TP-Link Deco X50(1-pack), AX3000 Tüm Ev Mesh WiFi 6 Sistemi","B09LVFVRYB","12.5","TP-Link Deco X50-PoE 1-pack, AX3000 Mbps, PoE Destekli, Dual-Band, 2,5Gbps Ethernet Portu, 150 Cihaza Kadar Bağlantı, 230 m² 'ye Kadar Kapsama, Mobil Uygulama ile Kolay Kurulum, Wi-Fi 6 Mesh Sistemi","B0BSFFJN93","12.5","TP-Link TL-SG105, 5-Port 10/100/1000Mbps Gigabit Siwtch","B00A128S24","8.33","2026-06-30"
"TP-Link Deco X50-PoE 2-pack, AX3000 Mbps, PoE Destekli, Dual-Band, 2,5Gbps Ethernet Portu, 150 Cihaza Kadar Bağlantı, 420 m² 'ye Kadar Kapsama, Mobil Uygulama ile Kolay Kurulum, Wi-Fi 6 Mesh Sistemi","B0BTSQ3RC1","TP-Link","1000 Computing Components & Networking","1005 Modems & networking devices","4","TP-Link TL-SG108PE, 8 Port Gigabit / 4 Port POE Smart Switch","B01BPFKNNM","25.0","Michelin MC31975 250ml Süper Konsantre Cam Suyu Katkılı Limon Aromalı","B07QHWYFV1","25.0","LEGO Botanicals Sukulentler 10309 – Yetişkinler için 9 Farklı Bitki ve Saksı İçeren Dekoratif Yaratıcı Yapay Çiçek Modeli Yapım Seti, Kadınlar ve Erkekler için Sevgililer Günü Hediye Fikri (771 Parça)","B09BNV7VS1","25.0","2026-06-30"
"TP-Link Archer Air R5, AX3000 Dual-Band Wi-Fi 6 Air Router&Menzil Genişletici, Gigabit Port, Ultra İnce Tasarım, EasyMesh Destekli, Xbox/PS/Steam için İdeal, HomeShield, Esnek Kurulum Seçenekleri","B0CC6NGXZT","TP-Link","1000 Computing Components & Networking","1005 Modems & networking devices","1","TP-Link TL-MR150, N300 Mbps Kablosuz 4G LTE Router, 4G/3G SIM Yuvası, 32 Cihaza Kadar Bağlantı, Yapılandırma Gerektirmez, Konuk Ağı ve Ebeveyn Kontrolü Desteği","B086LRTQYS","100.0",,,"0.0",,,"0.0","2026-06-30"
"TP-Link Deco BE65 2-pack, BE9300 Mbps, 4 × 2.5 Gbps Portlar, 320 MHz Kanallar, 6 GHz Bandında Çalışır, 200 Cihaza Kadar Bağlanılabilirlik, VPN, WPA3, Üç Bantlı Wi-Fi 7 Mesh Sistemi","B0CJJ733W3","TP-Link","1000 Computing Components & Networking","1005 Modems & networking devices","8","TP-Link Deco BE65 1-pack, BE9300 Mbps, 4 × 2.5 Gbps Portlar, 320 MHz Kanallar, 6 GHz Bandında Çalışır, 200 Cihaza Kadar Bağlanılabilirlik, VPN, WPA3, Üç Bantlı Wi-Fi 7 Mesh Sistemi","B0CJJ712ZX","37.5","Viko Viko Multi-Let Dörtlü Priz Toprakli Kablolu Çarpma Karşıtı 1 Mt","B07DKJ7TT3","12.5","Ugreen Cat6 Flat Pure Copper Metal Konnektör UTP Ethernet Kablosu 2 Metre","B09BZDJ818","12.5","2026-06-30"
"TP-Link Deco BE25 2-pack, BE3600 Mbps, 2× 2.5 Gbps Portlar, AI Destekli Çoklu İşlem Kabiliyeti, 150 Cihaza Kadar Bağlanılabilirlik, VPN, WPA3, Dual-Band Wi-Fi 7 Mesh Sistemi","B0D6W3T4M3","TP-Link","1000 Computing Components & Networking","1005 Modems & networking devices","12","KabelDirekt – Ethernet Kablosu, Ağ Kablosu, LAN – 0,5m – 0,25-30m arasında mevcuttur (10Gbps, Gigabit Ağlar için Fiber Hızı, RJ45 ile Switch/Router/Modem, siyah/mavi)","B018M6VG5Q","8.33","Ugreen USB 3.0 Uzatma Kablosu 1.5 Metre, Siyah","B01EFPY33K","8.33","Vileda Çek Çek, Yer Sileceği 130 cm Kırmızı","B079S6WD7J","8.33","2026-06-30"
"TP-Link UA430C; USB 3.0 Type-C ile SD & microSD 3.0 Kart Okuyucu","B0DNSMY4NL","TP-Link","1000 Computing Components & Networking","1125 Computing Memory: Other","40","KIOXIA EXCERIA 64GB microSDXC Kart – UHS-I, R100MB/s okuma","B088X252DK","5.0","SanDisk Ultra 32GB SDHC Memory Card 120MB/s","B08GYG6T12","5.0","SanDisk Ultra 32 GB microSDHC 120 MB/s A1 Class 10 UHS-I","B08L5HMJVW","5.0","2026-06-30"
"Mercusys MA12N, N300 Mbps Kablosuz Nano USB Adaptör","B0DQPPZTJY","TP-Link","1000 Computing Components & Networking","1090 Computing Components & Networking: Other","4","Mercusys MA14N | AX300 Mbps Nano USB Wi‑Fi 6 Adaptör | Kolay Kurulum | Windows & Linux Uyumlu | Tak‑Çalıştır","B0DQXRG2F8","50.0","TP-Link TL-WN727N, N150 Mbps Kablosuz USB Adaptör, 150 mbps, Wi-Fi, USB Donanım Kilidi, LAN, WLAN","B00BOJQFLE","25.0","VARTA Longlife AA Alkalin kalem pil 10'lu paket","B00EPDLZDO","25.0","2026-06-30"
"TP-Link Archer TX35U Plus | AX1800 Wi-Fi 6 Kablosuz USB Adaptör | 1800 Mbps Hız | Çift Bant | Yüksek Çekim Güçlü Anten | USB 3.0 | WPA3 | Beamforming & MU-MIMO | Masaüstü ve Laptop PC Alıcı","B0F1CF97SC","TP-Link","1000 Computing Components & Networking","1005 Modems & networking devices","1","Spigen 45W USB-C Hızlı Şarj Aleti + Örgü Şarj Kablo Samsung PPS 2.0 / Isı Düşürücü GaN Akım Korumalı PD 3.0 Protokol Güç Adaptörü Super Hızlı Şarj iPhone & Android & iPad & MacBook Type-C - ACH02589","B098P15D4N","100.0",,,"0.0",,,"0.0","2026-06-30"
"TP-Link TL-SG1016DE, 16-Port Gigabit Easy Smart Switch","B00DBRPKS6","TP-Link","1000 Computing Components & Networking","1085 Switches","6","TP-Link TL-SG108E, 8-Port Gigabit Easy Smart Switch","B00JKB63D8","16.67","TP-Link Archer VR400, AC1200 Mbps Kablosuz Dual-Band MU-MIMO Fiber Destekli VDSL/ADSL Modem Router, 4 Gigabit LAN Portları + 1 USB 2.0 Port, Beamforming, Tether Uygulaması ile Kolay Kurulum","B01M1VAY45","16.67","Tp-Link RE700X AX3000 Mbps Onemesh Wi-Fi 6 Menzil Genişletici","B09PRG6MJX","16.67","2026-06-30"
"TP-Link UE300, USB 3.0 RJ45 Gigabit Ethernet Network Çevirici","B00V4BGDKU","TP-Link","1000 Computing Components & Networking","1005 Modems & networking devices","45","VegGieg CAT6 1000Mbps Gigabit UTP Ethernet Kablosu 1 Metre","B0DMT7YNGH","8.89","VegGieg CAT6 1000Mbps Gigabit UTP Ethernet Kablosu 5 Metre","B0DMT77B39","6.67","VegGieg CAT6 1000Mbps Gigabit UTP Ethernet Kablosu 2 Metre","B0DMT8XKF4","6.67","2026-06-30"
"TP-Link TL-WR902AC, AC750 Mbps Wireless Travel Router","B01MY5JIJ0","TP-Link","1000 Computing Components & Networking","1005 Modems & networking devices","4","KabelDirekt – Ethernet Kablosu, Ağ Kablosu, LAN – 20m – 0,25-30m arasında mevcuttur (10Gbps, Gigabit Ağlar için Fiber Hızı, RJ45 ile Switch/Router/Modem, siyah/mavi)","B018M7F3MW","25.0","ttec Lightning 100cm Şarj Kablosu- Beyaz (2DK7508B)","B07B9WHNLR","25.0","Tapo C200, 1080P Full HD, Hareket Tespit ve Takibi, 360°, 9m Gece Görüşü, Çift Yönlü Sesli İletişim, Sesli Alarm, Bulut/Yerel Depolama, Bebek Ağlaması Tespiti, İç Mekan Wi-Fi Güvenlik Kamerası","B07XLML2YS","25.0","2026-06-30"
"TP-Link Archer MR400, AC1200 Wireless Dual Band 4G LTE Router, 4G/3G SIM Yuvası, 64 Cihaza Kadar Bağlantı, Yapılandırma Gerektirmez, Konuk Ağı ve Ebeveyn Kontrolü Desteği","B0741FFT6F","TP-Link","1000 Computing Components & Networking","1005 Modems & networking devices","8","Tapo C545D | 2K Çift Lensli Dış Mekan Güvenlik Kamerası | 165° Geniş Açı + Telefoto Lens | IP66 | AI Takip | Renkli Gece Görüşü | Ethernet Bağlantı | İki Yönlü Ses | Yerel & Bulut Depolama","B0FZJWWB72","25.0","Logitech M220 Sessiz Kablosuz Mouse, Sağ ve Sol Elle Kullanıma Uygun, 1.000 DPI, 10 m Kullanım Mesafesi, 18 Ay Pil Ömrü, Siyah","B01K7GEG9W","12.5","TP-Link TL-MR100, N300 Mbps Kablosuz 4G LTE Router, 4G/3G SIM Yuvası, 32 Cihaza Kadar Bağlantı, Yapılandırma Gerektirmez, Konuk Ağı ve Ebeveyn Kontrolü Desteği","B085PFRFKX","12.5","2026-06-30"
"TP-Link LS1005 Ethernet Çevirici 5 Port, 10/100 Mbps, Beyaz","B07ZKWRYSS","TP-Link","1000 Computing Components & Networking","1005 Modems & networking devices","17","TP-Link LS1008, 8-Port 10/100 Mbps Fast Ethernet Switch, 8 Bağlantılı Ethernet Çevirici, Beyaz","B07ZKXKHSD","29.41","KabelDirekt – Ethernet Kablosu, Ağ Kablosu, LAN – 1,5m – 0,25-30m arasında mevcuttur (10Gbps, Gigabit Ağlar için Fiber Hızı, RJ45 ile Switch/Router/Modem, siyah/mavi)","B018M70IA4","11.76","Mercusys MS105, 5-Port 10/100Mbps Desktop Switch","B075M9XYMX","11.76","2026-06-30"
"TP-Link TL-PA7017P KIT, AV1000 Gigabit Passthrough Powerline Başlangıç Kiti","B0859MDSFX","TP-Link","900 Computing Accessories","1090 Computing Components & Networking: Other","12","VegGieg CAT6 1000Mbps Gigabit UTP Ethernet Kablosu 2 Metre","B0DMT8XKF4","25.0","VegGieg CAT6 1000Mbps Gigabit UTP Ethernet Kablosu 1 Metre","B0DMT7YNGH","16.67","KabelDirekt – 2 m – micro-HDMI kablosu (HDMI – Micro-HDMI, iki yönlü – Ultra HD için 4 K @ 60 Hz – Ethernet ile yüksek hız – HDMI 2.0/1.4 ile uyumlu, tabletler/kameralar/Raspberry Pi için, siyah)","B00B1C9I1S","8.33","2026-06-30"
"TP-Link MC210CS, Gigabit Ethernet Medya Dönüştürücü","B00172MK08","TP-Link","1000 Computing Components & Networking","1005 Modems & networking devices","3","Barbie'nin Muhteşem Malibu Evi Barbie'nin Malibu Evi, Dönüşüm Özellikli, 25'ten Fazla Parçalı ve 2 Katlı Bebek Evi FXG57 FXG57","B07NH1W4TB","33.33","VİKO Multi-Let 4lü Topraklı Kablolu Ç.K 5mt Priz","B083M9GG2T","33.33","Barbie Ken Kampa Gidiyor Oyun Seti Ken ve aksesuarları, 3 yaş ve üzeri için oyuncak HHR66","B09NJQGR3P","33.33","2026-06-30"
"TP-Link M7350, 150Mbps ye kadar İnternet Hızı, 10 Cihaza Kadar Bağlantı, 2000 mAh Batarya, Kurulum Gerektirmez, Mobil Uygulama Desteği, 4G Taşınabilir Mobil LTE Modem","B00PIBBWSK","TP-Link","1000 Computing Components & Networking","1005 Modems & networking devices","3","Vaseline Nemlendirici Jel Baby 100 ml","B07L7QN8TG","33.33","Tapo C220, 2K 4MP, Yapay Zeka Desteği, Hareket Tespit ve Takibi, 360°, 9m Gece Görüşü, Çift Yönlü Sesli İletişim, Bulut/Yerel Depolama, Bebek Ağlaması Tespiti,İç Mekan Wi-Fi Güvenlik Kamerası","B0CDCL6FLC","33.33","Juo 4K 60Hz 18Gbps HDR ARC HDCP Destekli HDMI 2.0 Örgülü Kablo 2 Metre","B0DQQBZ2KY","33.33","2026-06-30"
"TP-Link Archer C50, AC 1200 Mbps Kablosuz Dual Band Access Point ve Router","B071RSD473","TP-Link","1000 Computing Components & Networking","1005 Modems & networking devices","4","TP-Link CPE220, 2.4GHz 300Mbps 12dBi Antenli Dış Mekan CPE/Access Point","B06ZZV414V","25.0","Bioxcin Quantum Şampuan 3 x 300 ml – Yağlı Saçlar İçin Sebum Dengeleyici ve Saç Dökülmesine Karşı Etkili Şampuan (3 Al 2 Öde Set)","B07HRZYGT2","25.0","TP-Link Deco E4 1-Pack , AC1200 Mbps, Dual-Band, 10/100Mbps Portları, 100 Cihaza Kadar Bağlanılabilirlik, Mobil Uygulama ile Kolay Kurulum, Wi-Fi 5 Mesh Sistemi","B07TP62GWK","25.0","2026-06-30"
"TP-Link TL-SG1016PE, 16-Port Gigabit Easy Smart Switch with 8-Port PoE+","B0722XW4PD","TP-Link","1000 Computing Components & Networking","1085 Switches","4","TP-Link ER605; Omada Gigabit VPN Router","B08MH4VLR3","25.0","Barbie Sporcu Bebekler, üniforması ve topuyla Barbie Voleybolcu Bebek ile aksesuarları, HKT72","B0BLJRDMC4","25.0","TP-Link Deco X50-PoE 1-pack, AX3000 Mbps, PoE Destekli, Dual-Band, 2,5Gbps Ethernet Portu, 150 Cihaza Kadar Bağlantı, 230 m² 'ye Kadar Kapsama, Mobil Uygulama ile Kolay Kurulum, Wi-Fi 6 Mesh Sistemi","B0BSFFJN93","25.0","2026-06-30"
"Mercusys MW305R, 300 Mbps Kablosuz N Yönlendirici","B075DDZF4R","TP-Link","1000 Computing Components & Networking","1005 Modems & networking devices","6","VegGieg Cat6 Metal RJ45 Jack 8P8C Ethernet Konnektörü Altın Kaplama 102 Adet","B0DMPK65NM","33.33","Karanlık Ülke","6051004769","16.67","Esrarlı Ada","6053417408","16.67","2026-06-30"
"TL-PA8033P KIT, AV1300 3-Port Gigabit Passthrough Powerline Starter Kit","B07GBK9CQL","TP-Link","900 Computing Accessories","1090 Computing Components & Networking: Other","1","Ugreen CAT6 Ethernet Kablosu, 5 Metre, Siyah","B082TDT1J3","100.0",,,"0.0",,,"0.0","2026-06-30"
"TP-Link Deco E4 1-Pack , AC1200 Mbps, Dual-Band, 10/100Mbps Portları, 100 Cihaza Kadar Bağlanılabilirlik, Mobil Uygulama ile Kolay Kurulum, Wi-Fi 5 Mesh Sistemi","B07TP62GWK","TP-Link","1000 Computing Components & Networking","1005 Modems & networking devices","27","KabelDirekt – Ethernet Kablosu, Ağ Kablosu, LAN – 5m – 0,25-30m arasında mevcuttur (10Gbps, Gigabit Ağlar için Fiber Hızı, RJ45 ile Switch/Router/Modem, siyah/mavi)","B018M735ZO","7.41","Trendline Biftekli Yetişkin Köpek Maması 15 kg","B07J47K6VH","7.41","TP-Link Deco E4 3-Pack , AC1200 Mbps, Dual-Band, 10/100Mbps Portları, 100 Cihaza Kadar Bağlanılabilirlik, 370 m²'ye Kadar Kapsama, Mobil Uygulama ile Kolay Kurulum, Wi-Fi 5 Mesh Sistemi","B07TV5WQ78","7.41","2026-06-30"
"TP-Link TL-SG1005LP, 4 Port PoE + ile 5 Port Gigabit Masaüstü Switch","B08FY4G3FN","TP-Link","1000 Computing Components & Networking","1085 Switches","3","VİKO Multi-Let 4lü Topraklı Kablolu Ç.K 2mt Priz","B083M94M8N","33.33","TP-Link ER706W, Omada AX3000 Gigabit VPN Router","B0CJCJ62RH","33.33","Tapo C530WS, 3K 5MP, Hareket Tespit/Takibi, 360°, IP66, Renkli Gece Görüşü, Çift Yönlü Ses, Bulut/Yerel Depolama, Sesli ve Işıklı Alarm, Dış Mekan Wi-Fi/Ethernet Güvenlik Kamerası","B0F1Z7SB2N","33.33","2026-06-30"
"TP-Link TL-SG108-M2, 8-Port 2.5G Desktop Switch","B08WQ16H4N","TP-Link","1000 Computing Components & Networking","1085 Switches","6","TP-Link ER706W, Omada AX3000 Gigabit VPN Router","B0CJCJ62RH","33.33","Tp-link CPE210, 300Mbps 9dBi Dış Mekan CPE","B00OO47F0G","16.67","TP-Link ER605; Omada Gigabit VPN Router","B08MH4VLR3","16.67","2026-06-30"
